protocolo;tipo;dataInicio;dataPrevista;dataFim;regional;total_afetados;backbone;motivo;forca_maior;pontosAcesso
1451693;manutencao;"2024-10-30 00:00:00";;;UVA;33;;Melhoria de rede;NÃO;"CE-UVA-1237, CE-UVA-099, CE-UVA-075, CE-UVA-1547, CE-UVA-1476, CE-UVA-243, CE-UVA-1475"
1640995;manutencao;"2024-10-30 00:00:00";;"2024-10-30 02:00:00";CDR;35;;Melhoria de rede;NÃO;"CE-CDR-425, CE-CDR-493, CE-CDR-494"
1571101;manutencao;"2024-10-30 00:00:00";;"2024-10-30 01:00:00";CNI;10;;Melhoria de rede;NÃO;CE-CNI-451
1630561;manutencao;"2024-10-30 01:00:00";;"2024-10-30 02:00:00";UVA;6;;Manutenção Prevetiva;NÃO;CE-UVA-832
1629412;manutencao;"2024-10-30 01:00:00";;"2024-10-30 02:00:00";CDR;22;;Melhoria de rede;NÃO;"CE-CNI-555, CE-CNI-556, CE-CNI-560, CE-CNI-561, CE-CNI-559"
1641408;evento;"2024-10-30 08:00:00";;"2024-10-30 10:00:00";CDR;0;;Equipamento queimado;NÃO;"POP-COPERCAMPOS- CAÇADOR"
1630300;manutencao;"2024-10-30 13:30:00";;"2024-10-30 14:30:00";CNI;8;;Melhoria de rede;NÃO;"CE-FESC-019, CE-FESC-033, CE-FESC-005, CE-FESC-014"
1641983;evento;"2024-10-30 13:56:00";;"2024-10-30 15:00:00";IRI;286;;Responsabilidade terceiros;SIM;
1642739;manutencao;"2024-10-30 14:23:00";;"2024-10-31 10:23:00";VDA;4;;Responsabilidade terceiros;NÃO;CE-CNV-173
1642058;evento;"2024-10-30 15:30:00";;"2024-10-30 17:03:00";CDR;3;;Falha de energia;NÃO;"EDIFICIO ILONE"
1642306;evento;"2024-10-30 17:13:00";;"2024-10-30 20:13:00";VDA;155;;Responsabilidade terceiros;NÃO;"CE-VDA-368, CE-VDA-1118, CE-VDA-371, CE-VDA-1069, CE-VDA-1433, CE-VDA-1319, CE-VDA-541, CE-VDA-491, CE-VDA-373, CE-VDA-1073, CE-VDA-1071, CE-VDA-1074, CE-VDA-1070"
1642345;evento;"2024-10-30 17:30:00";;"2024-10-30 20:30:00";UVA;0;;Responsabilidade terceiros;NÃO;"Edíficio ICC (UVA-S420)"
1642803;evento;"2024-10-31 06:58:00";;"2024-10-31 13:58:00";RSL;14;;Falha de energia;NÃO;GegNET-Nova-Italia
1642874;evento;"2024-10-31 10:00:00";;"2024-10-31 11:00:00";VDA;2;;Responsabilidade terceiros;NÃO;"EDIFICIO HZ"
1643177;evento;"2024-10-31 12:00:00";;"2024-10-31 14:00:00";IRI;287;;"Carga alta";SIM;
1643225;evento;"2024-10-31 13:38:00";;"2024-10-31 17:38:00";UVA;2;;Rompimento Parcial;NÃO;CE-UVA-1141
1642240;manutencao;"2024-10-31 14:04:00";;"2024-10-31 17:38:00";CDR;0;;"Falha equipamento rádio";NÃO;"POP-COPERCAMPOS- CAÇADOR"
1600814;manutencao;"2024-10-31 14:34:00";;"2024-10-31 16:36:00";VDA;4;;Manutenção Prevetiva;NÃO;CE-SVK-023
1643351;evento;"2024-10-31 14:50:00";;"2024-10-31 16:36:00";CNI;22;;Rompimento Parcial;NÃO;"CE-CNI-560, CE-CNI-561, CE-CNI-559, CE-CNI-555, CE-CNI-556"
1643584;evento;"2024-10-31 18:01:00";;"2024-10-31 20:00:00";CDR;0;;"Atenuação de fibra";SIM;"POP TANGARA"
1639965;manutencao;"2024-11-01 00:00:00";;"2024-11-01 03:00:00";RSL;20;;"Manutencao Prevetiva";SIM;"CE-RSL-653, CE-RSL-631, CE-RSL-861, CE-AUK-019, CE-RSL-343, CE-AUK-079, CE-AUK-012, CE-AUK-009, DESATIVADO - RSL-S734 Bom-Fim-2 (CUBO)"
1616316;manutencao;"2024-11-01 02:10:00";;"2024-11-01 04:00:00";RSL;40;;"Melhoria de rede";NÃO;"CE-LOS-324, CE-LOS-152, CE-LOS-241, CE-LOS-307, CE-LOS-315, CE-LOS-336, CE-LOS-144, CE-LOS-153, CE-LOS-341, CE-LOS-301, CE-LOS-302"
1643493;manutencao;"2024-11-01 06:15:00";;"2024-11-01 08:00:00";CDR;9;;"Melhoria de rede";NÃO;CE-UVA-1213
1634877;manutencao;"2024-11-01 10:31:00";;;CNI;7;;"Melhoria de rede";NÃO;CE-ILS-141
1644883;evento;"2024-11-02 08:24:00";;"2024-11-02 14:24:00";CDR;3;;"Carga alta";SIM;CE-SCC-128
1645086;evento;"2024-11-02 18:53:00";;"2024-11-02 22:00:00";CDR;209;;"Incêndio em Poste";SIM;"CE-CDR-358, CE-CDR-040, CE-CDR-1726, CE-CDR-051, CE-CDR-030, CE-CDR-667, CE-CDR-1189, CE-CDR-1276, CE-CDR-176, CE-CDR-052, CE-CDR-090, CE-CDR-223, CE-CDR-407, CE-CDR-278, CE-CDR-270, CE-CDR-613, CE-CDR-083, CE-CDR-936, CE-CDR-804, CE-CDR-361, CE-CDR-1789, CE-CDR-358, CE-CDR-1526, CE-CDR-973, CE-CDR-600, CE-CDR-610, CE-CDR-1396, CE-CDR-1592, CE-CDR-1214, CE-TOG-012, CE-TOG-005, CE-TOG-011, CE-TOG-006, CE-TOG-007, CE-TOG-009, CE-TOG-015, CE-TOG-008"
1645164;manutencao;"2024-11-02 19:24:00";;"2024-11-02 23:00:00";CDR;12;;"Incêndio em Poste";SIM;"CE-TOG-012, CE-TOG-005, CE-TOG-011, CE-TOG-006, CE-TOG-007, CE-TOG-009, CE-TOG-015, CE-TOG-008"
1635457;manutencao;"2024-11-04 15:24:00";;"2024-11-04 17:30:00";UVA;4;;"Manutencao Prevetiva";NÃO;CE-UVA-1240
1647001;evento;"2024-11-04 18:00:00";;"2024-11-04 19:00:00";RSL;2;;"Atenuação de fibra";NÃO;"RESIDENCIAL DONA HELENA"
1646907;manutencao;"2024-11-05 09:00:00";;"2024-11-05 09:40:00";CNI;7;;"Melhoria de rede";NÃO;CE-CNI-488
1648126;manutencao;"2024-11-05 09:38:00";;"2024-11-05 10:09:00";CDR;430;;"Carga alta";NÃO;"CE-CDR-1602, CE-CDR-1046, CE-CDR-447, CE-CDR-308, CE-CDR-341, CE-CDR-1182, CE-CDR-678, CE-CDR-304, CE-CDR-298, CE-CDR-1043, CE-CDR-1404, CE-CDR-1200, CE-CDR-1218, CE-CDR-367, CE-CDR-1128, CE-CDR-368, CE-CDR-365, CE-CDR-1379, CE-CDR-370, CE-CDR-366, CE-CDR-819, CE-CDR-519, CE-CDR-1319, CE-CDR-369, CE-CDR-363, CE-CDR-311, CE-CDR-313, CE-CDR-321, CE-CDR-180, CE-CDR-314, CE-CDR-1786, CE-CDR-1026, CE-CDR-310, CE-CDR-1795, CE-CDR-973, CE-CDR-600, CE-CDR-601, CE-CDR-526"
1648356;evento;"2024-11-05 11:30:00";;;CDR;41;;"Carga alta";NÃO;"CE-TAN-806, CE-TAN-805, CE-TAN-803, CE-TAN-804"
1648887;evento;"2024-11-05 15:47:00";;"2024-11-05 17:50:00";RSL;2;;"Erro configuração";NÃO;
1649070;manutencao;"2024-11-05 16:33:00";;"2024-11-05 16:58:00";CNI;0;;"Equipamento queimado";NÃO;
1649209;evento;"2024-11-05 18:02:00";;;CDR;0;;"Vandalismo ou roubo";NÃO;
1607062;manutencao;"2024-11-05 23:00:00";;;CDR;29;;"Melhoria de rede";NÃO;pop-videira
1649638;manutencao;"2024-11-06 00:19:00";;"2024-11-06 07:20:00";UVA;15;;"Insetos na caixa";SIM;"CE-UVA-1479, CE-UVA-1478"
1649006;manutencao;"2024-11-06 09:00:00";;"2024-11-06 10:00:00";IRI;1;;"Melhoria de rede";NÃO;"CE-IRI-019, CE-IRI-020"
1649811;evento;"2024-11-06 11:02:00";;"2024-11-06 15:37:00";CDR;6;;"Insetos na caixa";SIM;CE-IES-117
1650889;evento;"2024-11-06 19:16:00";;"2024-11-07 09:00:00";RSL;29;;"Falha na antena";NÃO;"RSL-S772 CAPELA FUNIL (CUBO), Fundo-Bela-Alianca-1 (Cubo), RSL-S769 Fundo-Bela-Alianca-2 (CUBO), RSL-S770 Fundo-Bela-Alianca-3 (CUBO), LOS-S001 GegNET-Dona-Paula-1"
1648031;manutencao;"2024-11-07 08:21:00";;"2024-11-07 10:00:00";CDR;10;;"Melhoria de rede";NÃO;CE-CDR-1238
1651156;evento;"2024-11-07 09:05:00";;;CDR;7;;"Carga alta";SIM;CE-CDR-1022
1651666;manutencao;"2024-11-07 13:44:00";;"2024-11-07 16:45:00";IRI;281;;"Carga alta";SIM;
1648117;manutencao;"2024-11-07 14:40:00";;"2024-11-07 15:00:00";RSL;18;;"Melhoria de rede";NÃO;"CE-LOS-065, CE-LOS-066, CE-LOS-068, CE-LOS-070, CE-LOS-284"
1640187;manutencao;"2024-11-08 00:00:00";;"2024-11-08 02:00:00";CDR;38;;"Melhoria de rede";NÃO;"CE-CDR-1227, CE-CDR-607, CE-CDR-1153, CE-CDR-1152"
1579909;manutencao;"2024-11-08 02:00:00";;;CDR;20;;"Melhoria de rede";NÃO;"CE-CDR-1004, CE-CDR-1340, CE-CDR-1361, CE-CDR-1380"
1605280;manutencao;"2024-11-08 09:35:00";;"2024-11-08 13:35:00";VDA;28;;"Melhoria de rede";NÃO;"CE-VDA-490, CE-VDA-221"
1653245;evento;"2024-11-08 12:46:00";;"2024-11-08 16:52:00";RSL;220;;"Carga alta";SIM;"CE-AUK-017, CE-AUK-015, CE-AUK-025, CE-AUK-023, CE-AUK-008, CE-AUK-014, CE-AUK-022, CE-AUK-116, CE-AUK-020, CE-AUK-120, CE-AUK-013, CE-AUK-093, CE-AUK-088, CE-AUK-076, CE-AUK-094, CE-AUK-090, CE-AUK-091, CE-AUK-099, CE-AUK-027, CE-AUK-095, CE-AUK-031, CE-AUK-004, CE-AUK-030, CE-AUK-077, CE-AUK-107, CE-AUK-108, CE-AUK-110, CE-AUK-105, CE-AUK-104, CE-AUK-083, CE-AUK-160, CE-AUK-119, FTTA-AUK-167 - Aurora Center - FTTA, CE-AUK-178, AUK-S736  GGNET  TORRE AURORA"
1653048;manutencao;"2024-11-08 13:30:00";;"2024-11-08 15:30:00";CDR;0;;"Manutenção Emergêncial";NÃO;"EDIFICIO CRUZEIRO DO SUL (CDR-S243)"
1653735;evento;"2024-11-08 17:41:00";;"2024-11-08 19:41:00";CDR;5;;"Ativo de Rede";SIM;"RSL-S741 Serra-Laurentino-2 (CUBO)"
1653881;evento;"2024-11-08 18:34:00";;"2024-11-08 21:34:00";CNI;535;;"Carga alta";SIM;"CE-TSB-062, CE-TSB-044, CE-TSB-063, CE-TSB-046, CE-TSB-048, CE-TSB-064, CE-TSB-189, CE-TSB-049, CE-TSB-065, CE-TSB-052, CE-TSB-192, CE-TSB-054, CE-TSB-055, CE-TSB-058, CE-TSB-057, CE-TSB-067, CE-TSB-066, CE-TSB-060, CE-TSB-125, CE-TSB-198, CE-TSB-240, CE-TSB-146, CE-TSB-147, CE-TSB-148, CE-TSB-155, CE-TSB-153, CE-TSB-151, CE-TSB-156, CE-TSB-152, CE-TSB-150, CE-TSB-154, CE-TSB-061, CE-TSB-042, CE-TSB-127, CE-TSB-339, CE-TSB-325, CE-TSB-070, CE-TSB-069, CE-TSB-292, CE-TSB-072, CE-TSB-090, CE-TSB-196, CE-TSB-073, CE-TSB-101, CE-TSB-103, CE-TSB-105, CE-TSB-079, CE-TSB-080, CE-TSB-082, CE-TSB-081, CE-TSB-083, CE-TSB-084, CE-TSB-089, CE-TSB-291, CE-TSB-098, CE-TSB-085, CE-TSB-086, CE-TSB-087, CE-TSB-184, CE-TSB-273, CE-TSB-255, CE-TSB-092, CE-TSB-094, CE-TSB-097, CE-TSB-096"
1654896;manutencao;"2024-11-09 10:55:00";;"2024-11-09 22:55:00";UVA;3;;"Insetos na caixa";NÃO;CE-UVA-1078
1654650;evento;"2024-11-09 11:39:00";;;RSL;8;;"Equipamento travado";NÃO;"AUK-S304 GegNET-Serra-Pacas"
1654929;manutencao;"2024-11-09 19:28:00";;"2024-11-09 23:28:00";CNI;4;;"Carga alta";NÃO;CE-TSB-323
1655085;evento;"2024-11-10 11:54:00";;;UVA;8;;"Insetos na caixa";SIM;"CE-UVA-273, CE-UVA-274, CE-UVA-281, CE-UVA-277, CE-UVA-280, CE-UVA-275, CE-UVA-278, CE-UVA-279, CE-UVA-276"
1655379;evento;"2024-11-11 01:20:00";;"2024-11-11 07:00:00";CDR;60;;"Vandalismo ou roubo";NÃO;"CE-CDR-1350, CE-CDR-266, CE-CDR-766, CE-CDR-193, CE-CDR-837, CE-CDR-851, CE-CDR-816, CE-CDR-927, CE-CDR-1464"
1655248;evento;"2024-11-11 08:45:00";;"2024-11-11 10:45:00";CDR;11;;"Falha equipamento rádio";SIM;"GegNET-Serra Azul (CDR-S89)"
1646686;manutencao;"2024-11-11 09:50:00";;"2024-11-11 10:30:00";CNI;1;;"Melhoria de rede";NÃO;CE-FESC-033
1653737;manutencao;"2024-11-11 13:25:00";;"2024-11-11 15:00:00";CNI;14;;"Melhoria de rede";NÃO;"CE-TSB-321, CE-TSB-322, CE-TSB-320, CE-TSB-319, CE-TSB-313, CE-TSB-235, CE-TSB-234, CE-TSB-308"
1651701;manutencao;"2024-11-11 14:00:00";;"2024-11-11 16:30:00";CNI;10;;"Melhoria de rede";NÃO;CE-TSB-315
1654574;manutencao;"2024-11-11 15:35:00";;"2024-11-11 18:40:00";UVA;21;;"Melhoria de rede";NÃO;"CE-UVA-469, FTTA-UVA-1408 - MONTEFALCO, FTTA-UVA-1447 - OTIMA ODONTO"
1657340;manutencao;"2024-11-11 23:13:00";;"2024-11-12 09:26:00";CDR;5;;"Carga alta";NÃO;CE-CDR-1707
1593129;manutencao;"2024-11-12 00:00:00";;"2024-11-12 06:00:00";CDR;0;;"Melhoria de rede";NÃO;
1623334;evento;"2024-11-12 02:00:00";;"2024-10-09 17:11:00";CDR;35;;"Melhoria de rede";SIM;"CE-CDR-603, CE-CDR-1404"
1654435;manutencao;"2024-11-12 03:00:00";;"2024-11-12 05:00:00";CNI;9;;"Melhoria de rede";NÃO;"CE-PPV-111, CE-PPV-112, CE-PPV-171, CE-PPV-163, CE-PPV-175"
1657429;evento;"2024-11-12 08:24:00";;;CNI;15;;"Incêndio em Poste";SIM;CE-CNI-969
1657547;evento;"2024-11-12 10:00:00";;;CDR;4;;"Equipamento travado";SIM;"EDIFICIO GUNTHER MAX HELLER  (CDR-S302) FTTA"
1657725;evento;"2024-11-12 11:14:00";;"2024-11-12 13:15:00";CNI;5;;"Queda de árvore";SIM;CE-TSB-138
1657952;evento;"2024-11-12 15:30:00";;"2024-11-12 16:30:00";VDA;6;;"Maquina terraplanagem";SIM;"CE-FGO-1206, CE-FGO-758"
1627605;manutencao;"2024-11-13 00:00:00";;"2024-11-13 06:00:00";CDR;98;;"Melhoria de rede";NÃO;"CE-CDR-923, CE-CDR-670, CE-CDR-834, CE-CDR-1585, CE-CDR-799, CE-CDR-706, CE-CDR-406, CE-CDR-1063"
1657296;manutencao;"2024-11-14 00:00:00";;"2024-11-14 05:00:00";CDR;26;;"Manutenção Emergêncial";NÃO;"CE-CDR-185, CE-CDR-603"
1658895;manutencao;"2024-11-14 00:00:00";;"2024-11-14 05:00:00";UVA;12;;"Melhoria de rede";NÃO;"CE-UVA-1122, CE-UVA-406"
1608209;manutencao;"2024-11-14 00:00:00";;"2024-11-14 05:00:00";CDR;209;;"Melhoria de rede";NÃO;"CE-VDA-1302, CE-VDA-963, CE-VDA-4020C, CE-VDA-250, CE-VDA-742, CE-VDA-226, CE-VDA-260, CE-VDA-916, CE-VDA-1159, CE-VDA-1162, CE-VDA-1160, CE-VDA-1655, CE-VDA-4901C, CE-VDA-266, CE-VDA-261, CE-VDA-1455, CE-VDA-1311, CE-VII-3080"
1654279;manutencao;"2024-11-14 01:00:00";;;CNI;0;;"Melhoria de rede";NÃO;CE-TSB-108
1660271;evento;"2024-11-14 14:30:00";;"2024-11-14 23:30:00";CDR;13;;"Troca de poste";SIM;"CE-SCC-120, CE-SCC-121"
1660208;evento;"2024-11-14 18:00:00";;"2024-11-14 20:30:00";VDA;19;;"Fibra mal acomodada";NÃO;CE-VDA-180
1660235;evento;"2024-11-14 18:00:00";;;RSL;3;;"Falta de energia";SIM;"GegNET-Fundos-Aurora, AUK-S304 GegNET-Serra-Pacas"
1660466;evento;"2024-11-15 09:40:00";;;CDR;12;;"Equipamento travado";NÃO;"EDIFICIO DIAMANTE (CDR-S49)"
1646815;emergencial;"2024-11-15 11:44:00";;"2024-11-15 11:49:00";RSL;7;;"Melhoria de rede";NÃO;CE-AUK-013
1660567;evento;"2024-11-15 13:41:00";;;IRI;0;;"Banco de baterias";NÃO;
1660768;evento;"2024-11-16 09:30:00";;"2024-11-16 13:30:00";RSL;3;;"Equipamento travado";SIM;"RESIDENCIAL IRACEMA"
1660963;evento;"2024-11-16 17:41:00";;;CNI;3;;"Fibra mal acomodada";SIM;edificio-crestani.olt-z-s1-p6.cni
1661092;evento;"2024-11-17 14:16:00";;"2024-11-17 14:19:00";CDR;23;;"Atenuação de fibra";NÃO;CE-CDR-202
1661143;evento;"2024-11-17 16:35:00";;"2024-11-17 16:40:00";CDR;93;;"Falta de energia";SIM;"CE-VDA-432, CE-VDA-893, CE-VDA-1167, CE-VDA-991, CE-VDA-1080, CE-VDA-1079, CE-VDA-816, CE-VDA-1078"
1661249;evento;"2024-11-17 22:35:00";;"2024-11-18 04:35:00";CDR;0;;"Vandalismo ou roubo";NÃO;
1661350;evento;"2024-11-18 07:00:00";;"2024-11-18 09:00:00";CNI;10;;"Insetos na caixa";NÃO;CE-CNI-494
1659778;manutencao;"2024-11-18 08:40:00";;"2024-11-18 10:00:00";CDR;9;;"Melhoria de rede";NÃO;CE-CDR-1562
1659739;manutencao;"2024-11-18 09:00:00";;"2024-11-18 10:45:00";CNI;4;;"Melhoria de rede";NÃO;CE-CNI-161
1661776;evento;"2024-11-18 10:30:00";;"2024-11-18 13:30:00";UVA;6;;"Insetos na caixa";SIM;CE-UVA-1532
1662061;evento;"2024-11-18 13:00:00";;"2024-11-18 16:00:00";CDR;0;;"Queda de poste";SIM;
1662310;evento;"2024-11-18 15:30:00";;"2024-11-18 17:30:00";CDR;58;;"Equipamento queimado";NÃO;"GegNET-Nova-Italia, RSL-S1640  GGNET  HOLLER, RSL-S751 TSCHUMI (CUBO), RSL-S759 GegNET-Torre-Biruta (CUBO), GegNET-Chapadao-Nova-Italia-2, AOC-S830 GegNET-Alto-Ariado (CUBO), RSL-S758 Concordia (CUBO), GegNET-Mosquito-Grande"
1659453;manutencao;"2024-11-19 00:00:00";;;IRI;9;;"Melhoria de rede";NÃO;"CE-IRI-VR F3, CE-IRI-VR F1"
1658717;manutencao;"2024-11-19 00:00:00";;"2024-11-19 06:01:00";RSL;24;;"Melhoria de rede";NÃO;"CE-PSU-064, CE-PSU-053, CE-PSU-060, CE-PSU-052, CE-PSU-061, CE-PSU-064, CE-PSU-064, CE-PSU-054, CE-PSU-049, CE-PSU-057, CE-PSU-051, CE-PSU-058, CE-PSU-062, CE-PSU-055, CE-PSU-056"
999999;evento;"2024-11-19 11:29:00";;"2024-11-19 14:30:00";CDR;2;;"Melhoria de rede";NÃO;"Teste Condominio Elitesoft"
1663316;evento;"2024-11-19 12:12:00";;"2024-11-19 12:16:00";CNI;216;;"Carga alta";NÃO;"CE-TSB-087, CE-TSB-085, CE-TSB-084, CE-TSB-083, CE-TSB-086, CE-TSB-089, CE-TSB-075, CE-TSB-077, CE-TSB-079, CE-TSB-076, CE-TSB-170, CE-TSB-078, CE-TSB-080, CE-TSB-081, CE-TSB-232, CE-TSB-175, CE-TSB-176, CE-TSB-174, CE-TSB-168, CE-TSB-096, CE-TSB-092, CE-TSB-094, CE-TSB-273, CE-TSB-097, CE-TSB-255, CE-TSB-169"
1663651;evento;"2024-11-19 16:10:00";;"2024-11-19 16:16:00";CDR;4;;"Fibra mal acomodada";NÃO;CE-CDR-1367
1662484;manutencao;"2024-11-19 17:25:00";;;UVA;9;;"Melhoria de rede";NÃO;CE-IES-091
1664072;evento;"2024-11-20 06:36:00";;;CDR;29;;"Carga alta";SIM;pop-videira
1664087;evento;"2024-11-20 10:06:00";;"2024-11-20 12:06:00";CNI;18;;"Rompimento Parcial";SIM;"CE-CNI-566, CE-CNI-833"
1664483;evento;"2024-11-20 16:54:00";;;CDR;7;;"Fibra mal acomodada";SIM;CE-CDR-1227
1664555;evento;"2024-11-20 20:05:00";;"2024-11-21 01:00:00";VDA;16;;"Vandalismo ou roubo";NÃO;"CE-VDA-2084C, CE-FGO-1381, CE-FGO-503, CE-FGO-1193"
1662454;manutencao;"2024-11-21 09:00:00";;;CNI;57;;"Melhoria de rede";NÃO;"CE-CNI-813, CE-CNI-814, CE-CNI-812, CE-CNI-837, CE-CNI-835, CE-CNI-836, CE-CNI-811, CE-CNI-804, CE-CNI-801"
1665438;evento;"2024-11-21 17:18:00";;"2024-11-21 17:20:00";VDA;5;;"Atenuação de fibra";NÃO;CE-VDA-1167
1664317;manutencao;"2024-11-22 09:30:00";;;CDR;3;;"Manutencao Prevetiva";SIM;CE-CNI-833
1666028;evento;"2024-11-22 10:20:00";;"2024-11-22 13:30:00";RSL;130;;"Queda de árvore";SIM;"CE-RSL-464, CE-RSL-933, CE-RSL-470, CE-RSL-471, CE-RSL-468, CE-RSL-472, CE-RSL-638, CE-RSL-465, CE-RSL-462, CE-RSL-458, CE-RSL-457, CE-RSL-460, CE-RSL-452, CE-RSL-456, CE-RSL-989, CE-RSL-901, CE-RSL-459, CE-RSL-519, CE-RSL-640, CE-RSL-642, CE-RSL-641, CE-RSL-639, CE-RSL-526, CE-RSL-684, CE-RSL-614, CE-RSL-650, CE-RSL-708"
1666100;evento;"2024-11-22 15:10:00";;;IRI;2;;"Falta de energia";SIM;"RSL-S1640  GGNET  HOLLER"
1666693;evento;"2024-11-22 21:23:00";;;RSL;4;;"Incêndio em Poste";NÃO;"CE-RSL-920, CE-RSL-D16"
1608148;manutencao;"2024-11-23 09:30:00";;"2024-11-23 09:31:00";VDA;28;;"Manutenção Emergêncial";NÃO;"CE-VDA-446, CE-VDA-349"
1667029;evento;"2024-11-23 12:36:00";;;CDR;71;;"Insetos na caixa";NÃO;"CE-UVA-290, CE-UVA-109, CE-UVA-189, CE-UVA-1474, CE-UVA-125, CE-UVA-122, CE-UVA-1154, CE-UVA-374, CE-UVA-434, CE-UVA-1519, CE-UVA-079"
1667589;evento;"2024-11-24 10:16:00";;;IRI;285;;"Vandalismo ou roubo";SIM;
1609312;emergencial;"2024-11-25 09:47:00";;"2024-11-25 09:48:00";VDA;29;;"Manutenção Emergêncial";NÃO;"CE-VDA-2116C, CE-VDA-2117C, CE-VDA-2118C"
1667010;emergencial;"2024-11-25 13:42:00";;;RSL;8;;"Troca de poste";SIM;CE-RSL-219
1668927;evento;"2024-11-25 14:44:00";;;CDR;568;;"Obra de terceiros";SIM;"CE-CDR-045, CE-CDR-901, CE-CDR-075, CE-CDR-680, CE-CDR-1465, CE-CDR-080, CE-CDR-086, CE-CDR-862, CE-CDR-105, CE-CDR-115, CE-CDR-946, CE-CDR-076, CE-CDR-1762, CE-CDR-378, CE-CDR-1783, CE-CDR-1033, CE-CDR-1456, CE-CDR-402, CE-CDR-660, CE-CDR-1827, CE-CDR-116, CE-CDR-174, CE-CDR-400, CE-CDR-1269, CE-CDR-1051, CE-CDR-235, CE-CDR-1601, CE-CDR-1339, CE-CDR-1143, CE-CDR-1739, CE-CDR-1641, CE-CDR-1650, CE-CDR-1808, CE-CDR-1649, CE-CDR-506, CE-CDR-401, CE-CDR-1446, CE-CDR-867, CE-CDR-025, CE-CDR-161, CE-CDR-1449, CE-CDR-053, CE-CDR-022, CE-CDR-669, CE-CDR-020, CE-CDR-1626, CE-CDR-153, CE-CDR-1536, CE-CDR-1579, CE-CDR-1580, CE-CDR-1582, CE-CDR-1554, CE-CDR-614, CE-CDR-018, CE-CDR-1015, CE-CDR-866, CE-CDR-1342, CE-CDR-1208, CE-CDR-1326, CE-CDR-661, CE-CDR-199, CE-CDR-065, CE-CDR-911, CE-CDR-035, CE-CDR-171, CE-CDR-245, CE-CDR-239, CE-CDR-472, CE-CDR-033, CE-CDR-1175"
1665414;manutencao;"2024-11-26 00:00:00";;;UVA;35;;"Melhoria de rede";SIM;"CE-UVA-025, CE-UVA-154, CE-UVA-1428"
1666045;manutencao;"2024-11-26 00:00:00";;"2024-11-26 04:00:00";RSL;29;;"Melhoria de rede";NÃO;"CE-ALY-020, CE-ALY-022, CE-ALY-095, CE-ALY-142, CE-ALY-135, CE-ALY-009, CE-ALY-011, CE-ALY-013, CE-ALY-023, CE-ALY-105"
1669863;evento;"2024-11-26 07:32:00";;"2024-11-26 13:32:00";CDR;4;;"Falta de energia";SIM;
1664688;manutencao;"2024-11-26 08:01:00";;;CNI;6;;"Melhoria de rede";NÃO;"CE-CNI-161, CE-TSB-336"
1670139;evento;"2024-11-26 09:32:00";;"2024-11-26 12:35:00";RSL;8;;"Vandalismo ou roubo";SIM;CE-RSL-219
1610286;emergencial;"2024-11-26 10:00:00";;;CDR;9;;"Melhoria de rede";NÃO;CE-VDA-111
1659975;manutencao;"2024-11-26 10:03:00";;;CNI;27;;"Melhoria de rede";NÃO;"CE-PPV-041, CE-PPV-170, CE-PPV-096, CE-PPV-168, CE-PPV-179, CE-PPV-094, CE-PPV-125, CE-PPV-126, CE-PPV-118, CE-PPV-163"
1670646;evento;"2024-11-26 16:12:00";;;CDR;7;;"Carga alta";SIM;"CE-CDR-154, CE-CDR-1203"
1670604;evento;"2024-11-26 16:30:00";;"2024-11-26 19:30:00";RSL;5;;"Equipamento queimado";SIM;"RSL-S759 GegNET-Torre-Biruta (CUBO)"
1670768;evento;"2024-11-26 17:43:00";;;CDR;123;;"Carga alta";SIM;"CE-CDR-218, CE-CDR-221, CE-CDR-241, CE-CDR-236, CE-CDR-237, CE-CDR-229, CE-CDR-890, CE-CDR-242, CE-CDR-1144, CE-CDR-474, CE-CDR-1608, CE-CDR-475, CE-CDR-535"
1670922;evento;"2024-11-26 18:45:00";;"2024-11-26 22:00:00";VDA;33;;"Fibra mal acomodada";SIM;"CE-VDA-178, CE-VDA-543, CE-VDA-590, CE-VDA-179"
1670999;evento;"2024-11-26 19:34:00";;;CDR;13;;"Ativo de Rede";SIM;"EDIFICIO BOULEVARD BLOCO B (CDR-S291)"
1671175;evento;"2024-11-27 08:07:00";;;RSL;17;;"Falha splitter saída";NÃO;"CE-PEU-E1, CE-PEU-E2"
1668256;manutencao;"2024-11-27 10:00:00";;"2024-11-27 12:00:00";RSL;18;;"Melhoria de rede";NÃO;"CE-PSU-049, CE-PSU-059, CE-PSU-057, CE-PSU-051, CE-PSU-058, CE-PSU-062, CE-PSU-055, CE-PSU-056, CE-VRM-088"
1671511;evento;"2024-11-27 11:11:00";;"2024-11-27 11:12:00";VDA;38;;"Fibra mal acomodada";NÃO;"CE-VDA-125, CE-VDA-294, CE-VDA-170, CE-VDA-2203C, CE-VDA-1033"
1663315;manutencao;"2024-11-29 06:00:00";;;CNI;43;;"Melhoria de rede";NÃO;"CE-TSB-310, CE-TSB-132, CE-TSB-134, CE-TSB-133, CE-TSB-144, CE-TSB-143, CE-TSB-142, CE-TSB-140, CE-TSB-178, CE-TSB-181, CE-TSB-141"
1659066;manutencao;"2024-11-29 06:00:00";;;UVA;120;;"Melhoria de rede";NÃO;"CE-UVA-195, CE-UVA-466, CE-UVA-1469, CE-UVA-214, CE-UVA-239, CE-UVA-259, CE-UVA-191, CE-UVA-169, CE-UVA-240, CE-UVA-460, CE-UVA-463, CE-UVA-461, CE-UVA-462, CE-UVA-1328, CE-UVA-1115, CE-UVA-1142, CE-UVA-1143, CE-UVA-1144, CE-UVA-1148"
1662204;manutencao;"2024-11-29 09:50:00";;"2024-11-29 13:30:00";IRI;0;;"Melhoria de rede";NÃO;CE-IRI-SA-C3
1673434;evento;"2024-11-29 10:54:00";;"2024-11-29 10:56:00";IRI;0;;"Manutenção Emergêncial";NÃO;
1673664;evento;"2024-11-29 12:51:00";;;UVA;23;;"Insetos na caixa";NÃO;"CE-UVA-1394, CE-UVA-1212, CE-UVA-341, CE-UVA-037, CE-UVA-1414"
1674753;evento;"2024-11-30 17:00:00";;"2024-11-30 20:00:00";RSL;0;;"Atenuação de fibra";SIM;"CONDOMÍNIO RESIDENCIAL VITÓRIA- BAIRRO BREHMER"
1675075;evento;"2024-12-01 20:17:00";;"2024-12-01 23:17:00";CNI;10;;"Carga alta";NÃO;"CE-CNI-563, CE-CNI-564"
1675726;evento;"2024-12-02 11:45:00";;"2024-12-02 22:00:00";CDR;14;;"Incêndio em Poste";SIM;"EDIFICIO CAMBARA (CDR-S136)"
1675764;evento;"2024-12-02 12:41:00";;"2024-12-02 16:00:00";VDA;5;;"Problema na Caixa de Emenda";SIM;"EDIFICIO ATHENAS"
1620500;manutencao;"2024-12-03 06:00:00";;"2024-12-03 08:00:00";VDA;80;;"Carga alta";NÃO;"CE-PHP-247, CE-PHP-2141C, CE-PHP-2142C, CE-PHP-246, CE-PHP-245, CE-PHP-244, CE-PHP-488, CE-PHP-331, CE-PHP-C4739, CE-PHP-031"
1676908;evento;"2024-12-03 10:35:00";;;VDA;10;;"Fibra mal acomodada";NÃO;CE-PHP-4605C
1620546;emergencial;"2024-12-04 09:00:00";;;VDA;36;;"Melhoria de rede";NÃO;"CE-PHP-244, CE-PHP-488, CE-PHP-331"
1671344;manutencao;"2024-12-04 09:30:00";;"2024-12-04 15:00:00";CDR;19;;"Melhoria de rede";NÃO;CE-CDR-376
1678757;evento;"2024-12-04 16:12:00";;;RSL;3;;"Rompimento Parcial";SIM;CE-RSL-394
1678995;evento;"2024-12-04 18:12:00";;"2024-12-04 21:12:00";VDA;4;;"Falha GBIC";SIM;
1671302;manutencao;"2024-12-05 10:00:00";;"2024-12-05 12:00:00";CNI;9;;"Melhoria de rede";NÃO;CE-PPV-100
1665309;manutencao;"2024-12-05 10:00:00";;"2024-12-05 11:00:00";CDR;11;;"Melhoria de rede";NÃO;CE-CDR-321
1680833;evento;"2024-12-06 07:50:00";;"2024-12-06 10:50:00";IRI;0;;"Insetos na caixa";SIM;
1681982;evento;"2024-12-06 13:27:00";;;IRI;283;;"Troca de poste";SIM;
1682975;evento;"2024-12-06 19:29:00";;"2024-12-06 22:29:00";CDR;16;;"Rompimento Parcial";NÃO;CE-UVA-195
1682892;evento;"2024-12-06 20:22:00";;"2024-12-06 22:22:00";VDA;17;;"Carga alta";SIM;"CE-VDA-2138C, CE-VDA-2140"
1683265;evento;"2024-12-07 09:54:00";;"2024-12-07 09:56:00";RSL;20;;"Falha na fonte do equipamento";NÃO;"GegNET-Capela-Josmar, RSL-S772 CAPELA FUNIL (CUBO)"
1683897;evento;"2024-12-08 06:00:00";;"2024-12-08 10:21:00";IRI;0;;"Falta de energia";SIM;
1684266;evento;"2024-12-08 19:36:00";;"2024-12-08 23:36:00";VDA;5;;"Falta de energia";SIM;"EDIFICIO ATHENAS"
1684724;evento;"2024-12-09 07:00:00";;"2024-12-09 07:42:00";RSL;72;;"Carga alta";SIM;"CE-ALY-078, CE-ALY-074, CE-ALY-076, CE-ALY-088, CE-ALY-070, CE-ALY-072, CE-ALY-127, CE-ALY-144, CE-ALY-137, CE-ALY-046, CE-ALY-103, CE-ALY-056, CE-ALY-122, CE-ALY-044, CE-ALY-048, CE-ALY-038, CE-ALY-034, CE-ALY-140, CE-ALY-113, CE-ALY-068, CE-ALY-062, CE-ALY-058, CE-ALY-126, CE-ALY-091, CE-ALY-114"
1687856;evento;"2024-12-10 12:01:00";;"2024-12-10 12:01:00";RSL;94;;"Carga alta";SIM;"RSL-S751 TSCHUMI (CUBO), AOC-S830 GegNET-Alto-Ariado (CUBO), RSL-S759 GegNET-Torre-Biruta (CUBO), RSL-S1640  GGNET  HOLLER, CE-RSL-098, CE-RSL-1139, CE-RSL-102, CE-RSL-100, CE-RSL-113, CE-RSL-114, CE-RSL-134, CE-RSL-692, CE-RSL-215, CE-RSL-939, CE-RSL-978, CE-RSL-242, CE-RSL-1003, FTTA-RSL-808 - VERDE VALE BLOCO A, CE-RSL-094, FTTA-RSL-810 - VERDE VALE BLOCO B, CE-RSL-307, CE-RSL-303, CE-RSL-262, CE-RSL-306, CE-RSL-301, GegNET-Nova-Italia, GegNET-Mosquito-Grande"
1689106;evento;"2024-12-11 05:38:00";;"2024-12-11 05:38:00";RSL;8;;"Fibra mal acomodada";NÃO;"CE-LOS-163, CE-LOS-165, CE-LOS-170"
1689104;evento;"2024-12-11 05:39:00";;"2024-12-11 05:39:00";VDA;0;;"Equipamento travado";NÃO;
1689226;evento;"2024-12-11 08:00:00";;"2024-12-11 08:00:00";VDA;10;;"Problema na Caixa de Emenda";NÃO;"CE-PHP-1305, CE-PHP-1304"
1682597;manutencao;"2024-12-11 11:00:00";;"2024-12-11 11:00:00";VDA;9;;"Melhoria de rede";NÃO;CE-TAN-C4727
1688662;manutencao;"2024-12-11 14:10:00";;"2024-12-11 14:10:00";CNI;31;;"Melhoria de rede";NÃO;"CE-SSL-076, CE-SSL-076, CE-SSL-392, CE-SSL-383, CE-SSL-628, CE-SSL-382, CE-SSL-382, CE-SSL-381, CE-SSL-629, CE-SSL-575, CE-SSL-556, CE-SSL-389"
1692346;evento;"2024-12-12 02:55:00";;"2024-12-12 02:55:00";RSL;2;;"Equipamento travado";NÃO;"RESIDENCIAL MIRANTE"
1691590;evento;"2024-12-12 12:20:00";;"2024-12-12 12:20:00";RSL;25;;"Obra de terceiros";SIM;"CE-AUK-053, CE-AUK-054, CE-AUK-051, CE-AUK-050, CE-AUK-138, CE-AUK-137, CE-AUK-084, CE-AUK-080, CE-AUK-049"
1689340;manutencao;"2024-12-12 14:01:00";;"2024-12-12 14:01:00";CNI;6;;"Melhoria de rede";NÃO;CE-SSL-395
1691798;evento;"2024-12-12 14:26:00";;"2024-12-12 14:26:00";VDA;17;;"Carga alta";SIM;"CE-CNV-383, CE-CNV-350, CE-CNV-348, CE-CNV-359, CE-CNV-363, CE-CNV-362, CE-CNV-356, CE-CNV-339, CE-CNV-388, CE-CNV-384"
1692344;evento;"2024-12-12 21:30:00";;"2024-12-12 21:30:00";VDA;15;;"Rompimento Parcial";SIM;"CE-TAN-3006, CE-TAN-3001, CE-TAN-3003, CE-TAN-3002, CE-TAN-3005, CE-TAN-3004, CE-TAN-3007, CE-TAN-3008"
1689522;manutencao;"2024-12-13 09:00:00";;"2024-12-13 09:00:00";RSL;14;;"Melhoria de rede";NÃO;"CE-LOS-076, CE-LOS-222, CE-LOS-078, CE-LOS-050, CE-LOS-080, CE-LOS-337"
1692699;evento;"2024-12-13 10:24:00";;"2024-12-13 10:24:00";UVA;9;;"Fibra mal acomodada";NÃO;CE-UVA-299
1692752;evento;"2024-12-13 10:45:00";;"2024-12-13 10:45:00";VDA;8;;"Fibra mal acomodada";NÃO;"CE-CNV-043, CE-CNV-041, CE-CNV-042, CE-CNV-421"
1650542;manutencao;"2024-12-13 15:08:00";;"2024-12-13 15:08:00";CNI;46;;"Melhoria de rede";NÃO;"CE-CNI-223, CE-CNI-211, CE-CNI-1048, CE-CNI-1093, CE-CNI-1053, CE-CNI-1087"
1693848;manutencao;"2024-12-14 10:26:00";;"2024-12-14 10:26:00";CDR;14;;"Melhoria de rede";NÃO;CE-CDR-119
1694098;evento;"2024-12-14 17:15:00";;"2024-12-14 17:15:00";CDR;11;;"Falha na antena";SIM;"GegNET-Serra Azul (CDR-S89)"
1694212;evento;"2024-12-16 06:00:00";;"2024-12-16 06:00:00";RSL;2;;"Falta de energia";SIM;
1682563;manutencao;"2024-12-16 09:17:00";;"2024-12-16 09:17:00";RSL;11;;"Melhoria de rede";NÃO;"CE-RSL-542, CE-RSL-543, CE-RSL-544"
1695030;evento;"2024-12-16 13:03:00";;"2024-12-16 13:03:00";CDR;12;;"Manutenção Emergêncial";SIM;CE-FGO-983
1695138;manutencao;"2024-12-16 13:03:00";;"2024-12-16 13:03:00";VDA;1;;"Falha na fonte do equipamento";SIM;"EDIFICIO VALDIR COSER"
1678711;manutencao;"2024-12-16 16:53:00";;"2024-12-16 16:53:00";CNI;2;;"Melhoria de rede";NÃO;"CE-SSL-573, CE-SSL-632"
1695607;evento;"2024-12-16 20:47:00";;"2024-12-16 20:47:00";CNI;5;;"Carga alta";SIM;CE-SCC-107
1695736;evento;"2024-12-16 22:41:00";;"2024-12-16 22:41:00";CNI;5;;"Carga alta";SIM;CE-SCC-249
1602619;manutencao;"2024-12-17 00:00:00";;"2024-12-17 00:00:00";CDR;2;;"Melhoria de rede";NÃO;pop-cacador
1689294;manutencao;"2024-12-17 00:00:00";;"2024-12-17 00:00:00";VDA;4;;"Melhoria de rede";NÃO;
169451;manutencao;"2024-12-17 00:00:00";;"2024-12-17 00:00:00";CDR;2;;"Manutencao Prevetiva";NÃO;pop-cacador
1640427;manutencao;"2024-12-17 08:00:00";;"2024-12-17 08:00:00";VDA;0;;"Melhoria de rede";NÃO;
1696445;evento;"2024-12-17 15:53:00";;"2024-12-17 15:53:00";RSL;5;;"Rompimento Parcial";SIM;"CE-ALY-087, CE-ALY-099, CE-ALY-124"
1696547;evento;"2024-12-17 18:18:00";;"2024-12-17 18:18:00";CDR;6;;"Falta de energia";SIM;"EDIFICIO DALANHOL (CDR-S275)"
1696370;manutencao;"2024-12-18 13:30:00";;"2024-12-18 13:30:00";IRI;0;;"Melhoria de rede";NÃO;
1674590;manutencao;"2024-12-20 14:03:00";;"2024-12-26 17:03:00";CNI;22;;"Falha splitter saída";SIM;CE-CNI-127
1698382;manutencao;"2024-12-23 13:00:00";;"2024-12-23 13:00:00";RSL;19;;"Melhoria de rede";NÃO;"CE-LOS-267, CE-LOS-265, CE-LOS-267, CE-LOS-267, CE-LOS-266"
1701522;evento;"2024-12-23 13:39:00";;"2024-12-23 13:39:00";UVA;2;;"Insetos na caixa";SIM;CE-UVA-268
1701280;manutencao;"2024-12-23 15:40:00";;"2024-12-23 15:40:00";CDR;9;;"Melhoria de rede";NÃO;CE-CDR-1165
1651196;manutencao;"2024-12-23 17:00:00";;"2024-12-23 17:00:00";VDA;2;;"Melhoria de rede";NÃO;CE-SVK-011
1701544;evento;"2024-12-24 10:48:00";;"2024-12-24 10:48:00";VDA;4;;"Rompimento Parcial";SIM;CE-CNV-405
1702239;evento;"2024-12-26 10:38:00";;"2024-12-26 10:38:00";CDR;7;;"Vandalismo ou roubo";SIM;CE-CDR-1674
1702714;evento;"2024-12-26 15:41:00";;"2024-12-26 15:41:00";CNI;15;;"Fibra mal acomodada";SIM;CE-SCC-026
1701648;manutencao;"2024-12-27 00:00:00";;"2024-12-27 00:00:00";UVA;8;;"Melhoria de rede";SIM;CE-UVA-430
1477114;manutencao;"2024-12-27 00:01:00";;"2024-12-27 00:01:00";CDR;47;;"Melhoria de rede";SIM;"CE-UVA-251, CE-UVA-167, CE-UVA-192, CE-UVA-250, CE-UVA-349"
1693203;manutencao;"2024-12-27 06:00:00";;"2024-12-27 06:00:00";RSL;1;;"Melhoria de rede";NÃO;"CE-VRM-002, CE-VRM-090, CE-VRM-061"
1601202;manutencao;"2024-12-27 15:10:00";;"2024-12-27 15:10:00";CDR;0;;"Melhoria de rede";SIM;"CE-PLF-002, CE-PUF-121"
1696780;manutencao;"2024-12-27 16:30:00";;"2024-12-27 16:30:00";CDR;0;;"Melhoria de rede";NÃO;
1698204;manutencao;"2024-12-28 01:00:00";;"2024-12-28 01:00:00";CDR;1;;"Melhoria de rede";NÃO;CE-MJV-001
1702060;manutencao;"2024-12-28 06:00:00";;"2024-12-28 06:00:00";IRI;0;;"Melhoria de rede";NÃO;CE-IRI-GZ-D2
1705052;evento;"2024-12-28 13:02:00";;"2024-12-28 13:02:00";RSL;2;;"Falta de energia";SIM;"RSL-S1640  GGNET  HOLLER"
1705924;evento;"2024-12-30 14:13:00";;"2024-12-30 14:13:00";RSL;12;;"Refração na OLT";SIM;"CE-AUK-136, CE-AUK-143, CE-AUK-130, CE-AUK-133, CE-AUK-132, CE-AUK-135, CE-AUK-149, CE-AUK-158"
1706253;evento;"2024-12-30 18:50:00";;"2024-12-30 18:50:00";UVA;3;;"Erro configuração";SIM;"GegNET-Larsen (UVA-S521)"
1706580;evento;"2024-12-31 17:47:00";;"2024-12-31 17:47:00";VDA;4;;"Carga alta";NÃO;CE-CNV-235
1706593;evento;"2024-12-31 20:07:00";;"2024-12-31 20:07:00";UVA;1;;"Insetos na caixa";SIM;CE-UVA-1084
1706756;evento;"2025-01-01 15:42:00";;"2025-01-04 09:08:00";CDR;4;;"Problema na Caixa de Emenda";SIM;CE-TSB-236
1702273;manutencao;"2025-01-02 08:00:00";;"2025-01-03 08:57:00";RSL;39;;"Melhoria de rede";SIM;"CE-RSL-366, CE-RSL-361, CE-RSL-386, CE-RSL-725, CE-RSL-1058, CE-RSL-358, CE-RSL-356, CE-RSL-362, CE-RSL-362"
1704208;evento;"2025-01-02 09:34:00";;"2025-01-03 09:17:00";CNI;76;;"Falta de energia";SIM;"CE-PPV-026, CE-PPV-043, CE-PPV-004, CE-PPV-192, CE-PPV-102, CE-PPV-021, CE-PPV-140, CE-PPV-153, CE-PPV-159, CE-PPV-154, CE-PPV-114, CE-PPV-115, CE-PPV-105, CE-PPV-167, CE-PPV-141"
1657576;manutencao;"2025-01-02 10:00:00";;"2025-01-06 17:38:00";CNI;27;;"Melhoria de rede";SIM;"CE-PPV-036, CE-PPV-177, CE-PPV-100"
1707252;evento;"2025-01-02 10:02:00";;"2025-01-02 17:36:00";IRI;95;;"Causa não informada";SIM;POP-PALMEIRA
1707389;evento;"2025-01-02 13:35:00";;"2025-01-02 14:09:00";CNI;6;;"Causa não informada";NÃO;CE-PPV-162
1707682;evento;"2025-01-02 14:01:00";;"2025-01-02 17:03:00";CNI;6;;"Carga alta";NÃO;CE-CNI-563
1698362;manutencao;"2025-01-02 14:13:00";;"2025-01-02 15:49:00";RSL;7;;"Melhoria de rede";NÃO;CE-RSL-448
1708151;evento;"2025-01-02 17:19:00";;"2025-01-03 10:18:00";IRI;5;;"Insetos na caixa";SIM;CE-IRI-RB-K2
1695677;manutencao;"2025-01-03 09:00:00";;"2025-01-03 17:30:00";RSL;15;;"Melhoria de rede";NÃO;"CE-RSL-H12, CE-RSL-H11, CE-RSL-H10, CE-RSL-H9, CE-RSL-H8, CE-RSL-H7, CE-RSL-H7, CE-RSL-H5, CE-RSL-H4"
1709028;evento;"2025-01-03 15:36:00";;"2025-01-03 16:05:00";UVA;8;;"Causa não informada";NÃO;CE-UVA-1311
1709640;evento;"2025-01-04 11:30:00";;"2025-01-04 15:08:00";IRI;95;;"Falha splitter saída";NÃO;POP-PALMEIRA
1709718;evento;"2025-01-04 11:30:00";;"2025-01-04 17:23:00";RSL;0;;"Rompimento Parcial";NÃO;
1709748;evento;"2025-01-04 12:03:00";;"2025-01-04 17:21:00";RSL;2;;"Falha equipamento rádio";NÃO;"RSL-S1640  GGNET  HOLLER"
1709951;evento;"2025-01-04 17:40:00";;"2025-01-05 22:27:00";RSL;33;;"Carga alta";NÃO;"CE-LOS-273, CE-LOS-257, CE-LOS-256, CE-LOS-258, CE-LOS-255, CE-LOS-254, CE-LOS-253"
1710238;evento;"2025-01-05 15:28:00";;"2025-01-05 22:32:00";RSL;12;;"Poda vegetação";SIM;"CE-RSL-L9, CE-RSL-L10, CE-RSL-L11, CE-RSL-L12, CE-RSL-L13"
1710266;evento;"2025-01-05 17:03:00";;"2025-01-06 18:16:00";CDR;13;;"Rompimento Parcial";SIM;"CE-CBS-418, CE-CBS-421, CE-CBS-423, CE-CBS-426, CE-CBS-425, CE-CBS-103, CE-CBS-424"
1710744;manutencao;"2025-01-06 10:00:00";;"2025-01-06 11:49:00";CNI;72;;"Melhoria de rede";NÃO;"CE-TSB-021, CE-TSB-031, CE-TSB-022, CE-TSB-120, CE-TSB-026, CE-TSB-010, CE-TSB-023"
1700907;manutencao;"2025-01-06 14:30:00";;"2025-01-06 17:22:00";CDR;0;;"Melhoria de rede";NÃO;
1663428;manutencao;"2025-01-06 15:00:00";;"2025-01-06 16:39:00";CNI;16;;"Melhoria de rede";NÃO;CE-CNI-322
1712133;evento;"2025-01-06 16:04:00";;"2025-01-07 00:09:00";VDA;11;;"Carga alta";NÃO;CE-VDA-2129C
1705966;manutencao;"2025-01-07 00:00:00";;"2025-01-07 00:51:00";CNI;33;;"Melhoria de rede";NÃO;"CE-CNI-762, CE-CNI-903, CE-CNI-810, CE-CNI-707, CE-CNI-777, CE-CNI-968, CE-CNI-774, CE-CNI-778, CE-CNI-778, CE-CNI-709, CE-BEVO-001, CE-BEVO-003, CE-BEVO-004, CE-BEVO-002"
1658361;manutencao;"2025-01-07 00:00:00";;"2025-01-07 00:00:00";VDA;65;;"Melhoria de rede";NÃO;"CE-IOME-393, CE-IOME-1041, CE-IOME-1425, CE-IOME-1439, CE-IOME-928, CE-IOME-932, CE-IOME-1173, CE-IOME-1175, CE-IOME-1521, CE-IOME-1522"
1714191;evento;"2025-01-07 17:18:00";;"2025-01-07 04:22:00";VDA;11;;"Obra de terceiros";SIM;"EDIFICIO SAN FRANCISCO"
1652897;manutencao;"2025-01-08 00:20:00";;"2025-01-08 02:44:00";IRI;0;;"Manutencao Prevetiva";NÃO;
1706440;manutencao;"2025-01-08 09:30:00";;"2025-01-09 13:46:00";CDR;51;;"Melhoria de rede";SIM;"CE-CDR-573, CE-CDR-1040, CE-CDR-1241, CE-CDR-375"
1715389;evento;"2025-01-08 14:25:00";;"2025-01-08 15:42:00";UVA;6;;"Vandalismo ou roubo";NÃO;"Edificio Mayer (UVA-S421)"
1716038;evento;"2025-01-08 19:54:00";;"2025-01-10 15:35:00";UVA;4;;"Queda de árvore";NÃO;CE-UVA-620
1689800;manutencao;"2025-01-09 10:35:00";;;CDR;26;;"Manutenção Emergêncial";NÃO;"CE-CDR-671, CE-CDR-1072"
1714110;manutencao;"2025-01-10 00:00:00";;"2025-01-10 02:21:00";CNI;54;;"Melhoria de rede";NÃO;"CE-TSB-167, CE-TSB-182, CE-TSB-232, CE-TSB-174, CE-TSB-172, CE-TSB-175, CE-TSB-168, CE-TSB-170, CE-TSB-171, CE-TSB-173, CE-TSB-169"
1654609;manutencao;"2025-01-10 00:01:00";;"2025-01-02 00:01:00";CNI;21;;"Melhoria de rede";NÃO;"CE-CNI-737, CE-CNI-169"
1570366;manutencao;"2025-01-10 00:34:00";;"2024-08-16 20:44:00";CNI;5;;"Melhoria de rede";SIM;edificio-primavera.caixa-007.olt-z-s2-p6.cni
1717509;manutencao;"2025-01-10 01:00:00";;"2025-01-10 05:15:00";RSL;87;;"Melhoria de rede";NÃO;"CE-RSL-600, CE-RSL-601, CE-RSL-602, CE-RSL-603, CE-RSL-604, CE-RSL-606, CE-RSL-607, CE-RSL-836, CE-RSL-571, CE-RSL-1110, CE-RSL-578, CE-RSL-580, CE-RSL-582, CE-RSL-585, CE-RSL-584, CE-RSL-570, CE-RSL-586"
1081329;manutencao;"2025-01-10 01:01:00";;"2025-01-10 03:32:00";RSL;6;;"Melhoria de rede";NÃO;"CE-IIR-119, CE-IIR-104, CE-IIR-081, CE-IIR-079, CE-IIR-080"
1225149;manutencao;"2025-01-10 08:00:00";;"2025-01-10 11:22:00";UVA;5;;"Melhoria de rede";NÃO;CE-UVA-298
1650638;manutencao;"2025-01-10 10:20:00";;"2025-01-10 12:23:00";CNI;16;;"Melhoria de rede";NÃO;CE-PPV-014
1711233;evento;"2025-01-10 11:03:00";;"2025-01-10 16:55:00";IRI;98;;"Erro configuração";NÃO;POP-PALMEIRA
1718437;evento;"2025-01-10 12:19:00";;"2025-01-10 13:28:00";CDR;12;;"Melhoria de rede";NÃO;CE-CDR-1072
1718453;evento;"2025-01-10 13:00:00";;"2025-01-10 18:27:00";VDA;19;;"Carga alta";NÃO;"CE-FGO-754, CE-FGO-773"
1718811;evento;"2025-01-10 15:20:00";;;CDR;11;;"Atenuação de fibra";NÃO;CE-CDR-567
1719167;evento;"2025-01-10 18:35:00";;"2025-01-10 21:50:00";VDA;20;;"Carga alta";NÃO;"CE-VDA-2032C, CE-VDA-2031C, CE-VDA-1244, CE-VDA-1531, CE-VII-3035"
1719352;evento;"2025-01-10 20:01:00";;"2025-01-10 13:36:00";CDR;0;;"Falha na fonte do equipamento";NÃO;
1665341;manutencao;"2025-01-11 00:00:00";;"2025-01-11 02:06:00";CDR;10;;"Melhoria de rede";NÃO;CE-CDR-491
1719925;evento;"2025-01-11 11:45:00";;"2025-01-11 11:56:00";IRI;0;;"Problema na Caixa de Emenda";NÃO;
1720160;evento;"2025-01-11 17:58:00";;"2025-01-11 21:13:00";RSL;5;;"Carga alta";SIM;CE-PPV-199
1720175;evento;"2025-01-11 18:50:00";;"2025-01-12 20:18:00";RSL;3;;"Atenuação de fibra";NÃO;"DELLAN CENTRO COMERCIAL"
1720445;evento;"2025-01-12 19:58:00";;"2025-01-13 11:08:00";RSL;8;;"Queda de árvore";SIM;CE-RSL-603
1720571;manutencao;"2025-01-13 09:30:00";;"2025-01-13 09:30:00";CDR;28;;"Manutenção Emergêncial";NÃO;"CE-CDR-994, CE-CDR-1099, CE-CDR-1206"
1654657;manutencao;"2025-01-13 09:45:00";;"2025-01-13 13:05:00";VDA;16;;"Melhoria de rede";NÃO;CE-IOME-928
1720697;evento;"2025-01-13 10:26:00";;"2025-01-13 15:53:00";VDA;37;;"Fibra mal acomodada";NÃO;"CE-VDA-1643, CE-VDA-800, CE-VDA-922, CE-VDA-2190C, CE-VDA-2189C"
1648810;manutencao;"2025-01-13 10:30:00";;"2025-01-13 10:49:00";UVA;75;;"Melhoria de rede";NÃO;"CE-UVA-1511, CE-UVA-1510, CE-UVA-180, CE-UVA-194, CE-UVA-154, CE-UVA-1428, CE-UVA-388, CE-UVA-237"
1720720;evento;"2025-01-13 10:35:00";;"2025-01-13 17:56:00";RSL;6;;"Equipamento queimado";SIM;CE-RSL-108
1720807;evento;"2025-01-13 11:27:00";;"2025-01-13 18:42:00";IRI;0;;"Carga alta";SIM;
1720917;evento;"2025-01-13 12:11:00";;"2025-01-13 15:27:00";CNI;98;;"Obra de terceiros";SIM;"CE-CNI-123, CE-CNI-742, CE-CNI-1082, CE-CNI-319, CE-CNI-461, CE-CNI-193, CE-CNI-372, CE-CNI-149, CE-CNI-724, CE-CNI-722, CE-CNI-1029, CE-CNI-1029, CE-CNI-511, CE-CNI-065"
1721085;manutencao;"2025-01-13 13:50:00";;"2025-01-13 13:50:00";CDR;6;;"Manutenção Emergêncial";SIM;CE-CDR-770
1721507;evento;"2025-01-13 16:02:00";;"2025-01-13 20:32:00";CNI;23;;"Atenuação de fibra";SIM;"CE-CNI-914, FTTA-CNI-942 - FLOR DE LIS - BLOCO B, FTTA-CNI-943 - FLOR DE LIS - BLOCO B, FTTA-CNI-940 - FLOR DE LIS - BLOCO A"
1656082;manutencao;"2025-01-14 00:01:00";;"2025-01-14 02:39:00";RSL;9;;"Melhoria de rede";NÃO;"CE-PEU-143, CE-PEU-E4"
1696539;manutencao;"2025-01-14 02:56:00";;"2025-01-14 06:31:00";RSL;2;;"Atenuação de fibra";SIM;"CE-PEU-079, CE-JBX-006, CE-JBX-010, CE-JBX-011, CE-JBX-001, CE-JBX-005"
1722063;evento;"2025-01-14 11:00:00";;"2025-01-14 14:12:00";VDA;95;;"Queda de árvore";SIM;"CE-VDA-358, CE-VDA-336, CE-VDA-382, CE-VDA-475, CE-VDA-323, CE-VDA-474"
1722050;evento;"2025-01-14 11:00:00";;"2025-01-14 15:41:00";VDA;17;;"Obra de terceiros";NÃO;"CE-FGO-C4929, CE-FGO-412, CE-FGO-498"
1723481;evento;"2025-01-14 18:14:00";;"2025-01-15 22:15:00";VDA;7;;"Obra de terceiros";SIM;CE-PHP-031
1722770;manutencao;"2025-01-15 00:00:00";;"2025-01-16 08:36:00";CDR;687;;"Melhoria de rede";NÃO;"CE-CDR-648, CE-CDR-1101, CE-CDR-1185, CE-CDR-912, CE-CDR-1223, CE-CDR-1231, CE-CDR-1188, CE-CDR-578, CE-CDR-1039, CE-CDR-1041, CE-CDR-1186, CE-CDR-1107, CE-CDR-1511, CE-CDR-1048, CE-CDR-710, CE-CDR-709, CE-CDR-779, CE-CDR-888, CE-CDR-711, CE-CDR-778, CE-CDR-768, CE-CDR-644, CE-CDR-659, CE-CDR-1324, CE-CDR-1083, CE-CDR-1317, CE-CDR-1133, CE-CDR-1134, CE-CDR-1135, CE-CDR-1158, CE-CDR-1157, CE-CDR-1132, CE-CDR-639, CE-CDR-1341, CE-CDR-640, CE-CDR-1260, CE-CDR-642, CE-CDR-985, CE-CDR-989, CE-CDR-643, CE-CDR-771, CE-CDR-1865, CE-CDR-780, CE-CDR-921, CE-CDR-1038, CE-CDR-1123, CE-CDR-1328, CE-CDR-922, CE-CDR-1042, CE-CDR-1179, CE-CDR-1363, CE-CDR-1089, CE-CDR-337, CE-CDR-1312, CE-CDR-662, CE-CDR-486, CE-CDR-437, CE-CDR-388, CE-CDR-1863, CE-CDR-944, CE-CDR-1078, CE-CDR-1237, CE-CDR-1003, CE-CDR-1032, CE-CDR-573, CE-CDR-571, CE-CDR-570, CE-CDR-577"
1715644;manutencao;"2025-01-15 06:00:00";;"2025-01-15 11:26:00";CDR;0;;"Melhoria de rede";NÃO;"POP GGNET CBS"
1715667;manutencao;"2025-01-15 06:00:00";;"2025-01-15 08:41:00";CDR;0;;"Melhoria de rede";NÃO;"POP GGNET CBS"
1721909;manutencao;"2025-01-15 06:00:00";;"2025-01-15 11:18:00";IRI;0;;"Melhoria de rede";NÃO;CE-IRI-AP-A1
1722431;manutencao;"2025-01-15 10:34:00";;"2025-01-15 16:08:00";CNI;31;;"Melhoria de rede";NÃO;"CE-CNI-624, CE-CNI-626, CE-CNI-630, CE-CNI-631, CE-CNI-629, CE-CNI-632, CE-CNI-633, CE-CNI-634"
1722138;manutencao;"2025-01-16 09:00:00";;"2025-01-16 17:54:00";CDR;3;;"Melhoria de rede";NÃO;"CE-CDR-972, CE-CDR-1724, CE-CDR-605"
1724147;evento;"2025-01-16 09:45:00";;"2025-01-16 20:24:00";CDR;121;;"Poda vegetação";NÃO;"CE-RSL-638, CE-RSL-933, CE-RSL-470, CE-RSL-468, CE-RSL-467, CE-RSL-472, CE-RSL-471, CE-RSL-457, CE-RSL-449, CE-RSL-462, CE-RSL-461, CE-RSL-456, CE-RSL-459, CE-RSL-458, CE-RSL-460, CE-RSL-640, CE-RSL-641, CE-RSL-642, CE-RSL-639, CE-RSL-687"
1724169;evento;"2025-01-16 09:50:00";;"2025-01-16 09:50:00";CDR;0;;"Maquina Agricula";NÃO;
1718396;manutencao;"2025-01-16 10:00:00";;"2025-01-16 11:59:00";CNI;0;;"Melhoria de rede";NÃO;
1724554;evento;"2025-01-16 15:42:00";;"2025-01-16 16:23:00";CNI;2;;"Falta de energia";NÃO;"EDIFICIO RESIDENCIAL WAGNER"
1725880;evento;"2025-01-17 08:49:00";;"2025-01-17 20:36:00";CDR;2;;"Troca de poste";SIM;CE-UVA-1072
1700790;manutencao;"2025-01-17 14:00:00";;"2025-01-17 14:47:00";CDR;22;;"Melhoria de rede";SIM;CE-CDR-684
1725888;evento;"2025-01-17 16:14:00";;"2025-01-17 22:55:00";IRI;15;;"Troca de poste";SIM;"CE-IRI-SF A2, CE-IRI-SF A1, CE-IRI-SF A3, CE-IRI-SF A4, CE-IRI-SF A6"
1726487;evento;"2025-01-18 18:00:00";;"2025-01-19 11:19:00";RSL;12;;"Falta de energia";SIM;"CENE-S001 GegNET-Cerro-Negro"
1727084;evento;"2025-01-20 03:10:00";;"2025-01-20 08:26:00";UVA;7;;"Falha GBIC";NÃO;"CE-UVA-1041, CE-UVA-1045, CE-UVA-1056, CE-UVA-1055, CE-UVA-1053, CE-UVA-1054, CE-UVA-1044, CE-UVA-1042"
1729620;evento;"2025-01-21 17:00:00";;"2025-01-21 19:17:00";VDA;15;;"Falha splitter saída";SIM;CE-VDA-490
1729950;evento;"2025-01-22 01:41:00";;"2025-01-22 08:02:00";CDR;78;;"Vandalismo ou roubo";SIM;"CE-CDR-519, CE-CDR-366, CE-CDR-920, CE-CDR-1128, CE-CDR-1104, CE-CDR-1023"
1727740;manutencao;"2025-01-22 09:30:00";;"2025-01-22 10:12:00";UVA;9;;"Melhoria de rede";NÃO;CE-PUF-057
1730571;evento;"2025-01-22 15:42:00";;"2025-01-22 20:04:00";VDA;2;;"Carga alta";NÃO;"EDIFICIO VENEZA - TAN"
1730642;evento;"2025-01-22 16:35:00";;"2025-01-22 18:31:00";CNI;2;;"Atenuação de fibra";NÃO;"Edificio Antonieta Dallo"
1726309;manutencao;"2025-01-23 10:30:00";;"2025-01-23 12:46:00";IRI;0;;"Melhoria de rede";NÃO;
1729820;manutencao;"2025-01-23 14:00:00";;"2025-01-23 15:18:00";CDR;63;;"Melhoria de rede";NÃO;"CE-CDR-1181, CE-CDR-481, CE-CDR-482, CE-CDR-1002, CE-CDR-483"
1731736;evento;"2025-01-23 15:00:00";;"2025-01-23 18:28:00";IRI;98;;"Falha splitter saída";SIM;POP-PALMEIRA
1731776;evento;"2025-01-23 15:20:00";;"2025-01-23 18:59:00";CDR;38;;"Carga alta";SIM;"CE-IOME-277, CE-VDA-1152, CE-VDA-187, CE-VDA-192, CE-VDA-792"
1732083;evento;"2025-01-23 17:48:00";;"2025-01-24 10:52:00";CNI;17;;"Queda de árvore";NÃO;"CE-CNI-778, CE-CNI-777, CE-CNI-968"
1731979;evento;"2025-01-23 17:55:00";;"2025-01-23 19:05:00";CDR;41;;"Falha splitter saída";SIM;"CE-CDR-1072, CE-CDR-1324, CE-CDR-1083"
1701665;manutencao;"2025-01-24 10:00:00";;"2025-01-24 17:14:00";CDR;15;;"Melhoria de rede";NÃO;CE-CDR-1219
1712171;manutencao;"2025-01-24 10:15:00";;"2025-01-24 13:22:00";IRI;0;;"Melhoria de rede";NÃO;
1733087;evento;"2025-01-24 17:36:00";;"2025-01-24 18:54:00";CNI;7;;"Fibra mal acomodada";NÃO;CE-CNI-802
1730936;manutencao;"2025-01-25 09:00:00";;"2025-01-25 09:25:00";CNI;11;;"Melhoria de rede";NÃO;CE-CNI-1005
1733665;evento;"2025-01-25 12:47:00";;"2025-01-25 15:50:00";RSL;8;;"Equipamento travado";NÃO;"CONDOMINIO SANTA CATARINA"
1733742;evento;"2025-01-25 15:15:00";;"2025-01-25 18:11:00";CNI;8;;"Poda vegetação";NÃO;"CE-SSL-594, CE-SSL-600, CE-SSL-617, CE-SSL-595"
1735207;evento;"2025-01-27 15:45:00";;"2025-01-27 15:45:00";VDA;4;;"Carga alta";SIM;"CE-VDA-1273, CE-VDA-2039C"
1735303;evento;"2025-01-27 16:33:00";;"2025-01-27 16:33:00";RSL;70;;"Carga alta";SIM;"CE-IIR-D2, CE-IIR-D9, CE-IIR-D3, CE-IIR-D11, CE-IIR-D12, CE-IIR-D13, CE-IIR-D5, CE-IIR-D7, CE-IIR-D8, CE-IIR-D1, CE-IIR-D10, CE-IIR-D4, CE-IIR-039, CE-IIR-A14, CE-IIR-113, CE-IIR-044, CE-IIR-C5, CE-IIR-C3, CE-IIR-A15, CE-IIR-C4, CE-IIR-C4, CE-IIR-124, CE-IIR-123"
1736171;evento;"2025-01-28 14:13:00";;"2025-01-28 14:13:00";CDR;18;;"Falha na fonte do equipamento";NÃO;"EDIFICIO GUZZI (CDR-S242)"
1736563;evento;"2025-01-28 20:43:00";;"2025-01-28 20:43:00";IRI;0;;"Insetos na caixa";SIM;
1737292;evento;"2025-01-29 17:35:00";;"2025-01-29 17:35:00";RSL;11;;"Troca de poste";SIM;CE-RSL-633
1365516;emergencial;"2025-01-30 10:30:00";;"2025-01-30 10:30:00";VDA;19;;"Manutenção Emergêncial";NÃO;"CE-FGO-636, CE-FGO-637, CE-FGO-638, CE-FGO-639, CE-FGO-640, CE-FGO-665, CE-FGO-641, CE-FGO-642, CE-FGO-643, CE-FGO-644, CE-FGO-645, CE-FGO-666, CE-FGO-661, CE-FGO-664, CE-FGO-682"
1701761;manutencao;"2025-01-30 13:00:00";;"2025-01-30 13:00:00";CDR;47;;"Manutenção Emergêncial";NÃO;"CE-CDR-1169, CE-CDR-372, CE-CDR-684"
1720555;emergencial;"2025-01-30 15:30:00";;"2025-01-30 15:30:00";VDA;17;;"Melhoria de rede";NÃO;CE-IBAN-673
1737024;manutencao;"2025-01-30 16:00:00";;"2025-01-30 16:00:00";CDR;7;;"Manutenção Emergêncial";NÃO;"CE-CBS-421, CE-CBS-426, CE-CBS-425, CE-CBS-103"
1738700;evento;"2025-01-31 11:00:00";;"2025-01-31 11:00:00";UVA;8;;"Troca de poste";SIM;CE-UVA-523
1738906;evento;"2025-01-31 14:00:00";;"2025-01-31 14:00:00";CDR;10;;"Carga alta";SIM;CE-VDA-2129C
1735326;manutencao;"2025-02-01 00:01:00";;"2025-02-01 00:01:00";RSL;22;;"Melhoria de rede";NÃO;"CE-ALY-023, CE-ALY-105, CE-ALY-013, CE-ALY-011, CE-ALY-009, CE-ALY-145, CE-ALY-007"
1739470;evento;"2025-02-01 05:22:00";;"2025-02-01 05:22:00";CDR;80;;"Vandalismo ou roubo";SIM;"CE-CDR-1342, CE-CDR-1208, CE-CDR-1326, CE-CDR-1285, FTTA-CDR-1778, FTTA-CDR-1779, CE-CDR-035, CE-CDR-171, CE-CDR-911, CE-CDR-702"
1739999;evento;"2025-02-02 14:02:00";;"2025-02-02 14:02:00";CDR;3;;"Falta de energia";SIM;"AUK-S302 GegNET-Velho-Barbudo (CUBO)"
1740238;evento;"2025-02-02 16:50:00";;"2025-02-02 16:50:00";RSL;0;;"Falha equipamento rádio";NÃO;"AUK-S736  GGNET  TORRE AURORA"
1740323;evento;"2025-02-03 05:08:00";;"2025-02-03 05:08:00";VDA;1;;"Atenuação de fibra";NÃO;CE-VDA-4079
1740349;evento;"2025-02-03 06:50:00";;"2025-02-03 06:50:00";UVA;5;;"Rompimento Parcial";NÃO;CE-UVA-669
1741047;evento;"2025-02-03 12:41:00";;"2025-02-03 12:41:00";RSL;2;;"Falha na fonte do equipamento";NÃO;"EDIFICIO ANITAA DOUT PEREIRA"
1741287;evento;"2025-02-03 15:00:00";;"2025-02-03 15:00:00";VDA;3;;"Atenuação de fibra";NÃO;CE-FGO-1551
1741071;evento;"2025-02-03 15:50:00";;"2025-02-03 15:50:00";RSL;12;;"Carga alta";SIM;"CE-IIR-014, CE-IIR-033"
1741397;evento;"2025-02-03 16:00:00";;"2025-02-03 16:00:00";CDR;8;;"Carga alta";SIM;"CE-CNI-718, CE-CNI-714"
1740850;manutencao;"2025-02-04 09:15:00";;"2025-02-04 09:15:00";UVA;9;;"Melhoria de rede";NÃO;CE-UVA-308
1733976;manutencao;"2025-02-04 09:18:00";;"2025-02-04 09:18:00";CNI;11;;"Melhoria de rede";NÃO;"CE-CNI-349, CE-CNI-345"
1742797;evento;"2025-02-04 14:00:00";;"2025-02-04 14:00:00";VDA;9;;"Rompimento Parcial";NÃO;CE-VDA-227
1742806;evento;"2025-02-04 15:02:00";;"2025-02-04 15:02:00";RSL;33;;"Rompimento Parcial";NÃO;"CE-RSL-861, CE-RSL-343, CE-RSL-010, CE-RSL-021, CE-RSL-079, CE-RSL-631, CE-RSL-868, CE-RSL-012, CE-AUK-012, CE-AUK-079, CE-AUK-021"
1743400;evento;"2025-02-04 16:17:00";;"2025-02-04 16:17:00";VDA;6;;"Carga alta";SIM;CE-VDA-2229C
1737057;manutencao;"2025-02-05 00:00:00";;"2025-02-05 00:00:00";CNI;7;;"Melhoria de rede";SIM;CE-CNI-927
1743479;manutencao;"2025-02-05 04:15:00";;"2025-02-05 04:15:00";CDR;0;;"Melhoria de rede";NÃO;
1743662;evento;"2025-02-05 04:40:00";;"2025-02-05 04:40:00";VDA;27;;"Queda de poste";SIM;"CE-VDA-1160, CE-VDA-1159, CE-VDA-1655, CE-VII-3135"
1743832;evento;"2025-02-05 09:00:00";;"2025-02-05 09:00:00";CDR;27;;"Carga alta";NÃO;"CE-UVA-422, CE-UVA-343"
1744239;evento;"2025-02-05 10:22:00";;"2025-02-05 10:22:00";VDA;104;;"Vandalismo ou roubo";SIM;"CE-VDA-165, CE-VDA-180, CE-VDA-2078C, CE-VDA-2077C, CE-VDA-197, CE-VDA-198, CE-VII-4041, CE-VII-4042, CE-VII-4040, CE-VDA-1021"
1741520;manutencao;"2025-02-05 14:00:00";;"2025-02-05 14:00:00";IRI;0;;"Melhoria de rede";NÃO;CE-IRI-PD-A6
123456;evento;"2025-02-05 18:52:00";;"2025-02-05 18:52:00";CDR;24;;"Carga alta";SIM;"CDR-S99  GGNET  CENTRO DE OPERAÇÕES, CE-CDR-125, CE-CDR-1253, CE-CDR-1254"
1747037;evento;"2025-02-05 21:00:00";;"2025-02-05 21:00:00";IRI;62;;"Melhoria de rede";NÃO;"CE-IRI-VR C1, CE-IRI-VR G1, CE-IRI-VR G2, CE-IRI-VR G3, CE-IRI-VR H1, CE-IRI-VR H2, CE-IRI-VR H3, CE-IRI-VR H4, CE-IRI-VR H5, CE-IRI-VR H6, CE-IRI-VR H7"
1706387;manutencao;"2025-02-06 08:53:00";;"2025-02-06 08:53:00";CDR;7;;"Manutencao Prevetiva";NÃO;CE-CDR-727
1726192;emergencial;"2025-02-06 15:30:00";;"2025-02-06 15:30:00";VDA;15;;"Manutenção Emergêncial";SIM;CE-IBAN-1005
1746649;evento;"2025-02-06 16:24:00";;"2025-02-06 16:24:00";RSL;0;;"Equipamento travado";NÃO;
1699417;manutencao;"2025-02-07 00:00:00";;"2025-02-07 00:00:00";CDR;0;;"Melhoria de rede";NÃO;CE-CBS-009
1747215;evento;"2025-02-07 00:52:00";;"2025-02-07 00:52:00";VDA;30;;"Atenuação de fibra";NÃO;"CE-VDA-1518, CE-VDA-1516, CE-VDA-321"
1747395;evento;"2025-02-07 09:46:00";;"2025-02-07 09:46:00";RSL;30;;"Carga alta";NÃO;"CE-PEU-016, CE-PEU-010, CE-PEU-143, CE-PEU-046, CE-PEU-E5, CE-PEU-F7, CE-PEU-F3, CE-PEU-F12, CE-PEU-F9, CE-PEU-129, CE-PEU-F4, CE-PEU-F15, CE-PEU-104, CE-PEU-098, CE-PEU-110"
1747408;evento;"2025-02-07 17:09:00";;"2025-02-07 17:09:00";RSL;49;;"Falha equipamento rádio";NÃO;"RSL-S751 TSCHUMI (CUBO), GegNET-Chapadao-Nova-Italia-2, AUK-S GegNET-Chapadao-Nova-Italia, GegNET-Mosquito-Grande, RSL-S759 GegNET-Torre-Biruta (CUBO), AOC-S830 GegNET-Alto-Ariado (CUBO), RSL-S758 Concordia (CUBO)"
1738977;manutencao;"2025-02-08 00:00:00";;"2025-02-08 00:00:00";RSL;46;;"Manutencao Prevetiva";NÃO;"CE-IIR-A11, CE-IIR-A12, CE-IIR-A13, CE-IIR-A16, CE-IIR-D1, CE-IIR-D2, CE-IIR-D3, CE-IIR-D4, CE-IIR-D5, CE-IIR-D6, CE-IIR-D9, CE-IIR-D10, CE-IIR-D11, CE-IIR-D12, CE-IIR-D13"
1738578;manutencao;"2025-02-08 02:00:00";;"2025-02-08 02:00:00";RSL;14;;"Melhoria de rede";SIM;"CE-RSL-354, CE-RSL-353, CE-RSL-375, CE-RSL-383, CE-RSL-265"
1748858;evento;"2025-02-08 10:49:00";;"2025-02-08 10:49:00";CNI;11;;"Queda de árvore";SIM;CE-ILS-038
1749095;evento;"2025-02-08 12:02:00";;"2025-02-08 12:02:00";UVA;4;;"Equipamento travado";NÃO;"CONDOMINIO RESIDENCIAL FRANCISCO FORTE"
1749351;evento;"2025-02-08 18:00:00";;"2025-02-08 18:00:00";VDA;34;;"Carga alta";SIM;CE-VDA-020
1749505;evento;"2025-02-08 18:20:00";;"2025-02-08 18:20:00";UVA;97;;"Carga alta";SIM;"CE-PUF-071, CE-PUF-154, CE-PUF-023, CE-PUF-024, CE-PUF-022, CE-PUF-073, CE-PUF-029, CE-PUF-030, CE-PUF-025, CE-PUF-026, CE-PUF-027, CE-PUF-028, CE-PUF-019, CE-PUF-016, CE-PUF-017, CE-PUF-018"
1749633;evento;"2025-02-09 07:11:00";;"2025-02-09 07:11:00";VDA;5;;"Vandalismo ou roubo";SIM;CE-VDA-1152
1750977;evento;"2025-02-10 17:32:00";;"2025-02-10 17:32:00";IRI;6;;"Troca de poste";SIM;CE-SSL-213
1747637;manutencao;"2025-02-11 00:01:00";;"2025-02-11 00:01:00";RSL;0;;"Melhoria de rede";NÃO;
1739190;manutencao;"2025-02-11 00:01:00";;"2025-02-11 00:01:00";UVA;22;;"Melhoria de rede";NÃO;"CE-UVA-144, CE-UVA-810"
1743152;manutencao;"2025-02-11 01:30:00";;"2025-02-11 01:30:00";CNI;376;;"Melhoria de rede";NÃO;"CE-CNI-568, CE-CNI-569, CE-CNI-571, CE-CNI-067, CE-CNI-164, CE-CNI-165, CE-CNI-379, CE-CNI-315, CE-CNI-367, CE-CNI-368, CE-CNI-905, CE-CNI-711, CE-CNI-748, CE-CNI-733, CE-CNI-486, CE-CNI-009, CE-CNI-895, CE-CNI-572, CE-CNI-572, CE-CNI-966, CE-CNI-966, CE-CNI-967, CE-CNI-967, CE-CNI-411, CE-CNI-172, CE-CNI-353, CE-CNI-171, CE-CNI-170, CE-CNI-1032, CE-CNI-034, CE-CNI-1106, CE-CNI-766, CE-CNI-1107, CE-CNI-737, CE-CNI-330, CE-CNI-182, CE-CNI-502, CE-CNI-725, CE-CNI-763, CE-CNI-442"
1746662;manutencao;"2025-02-11 03:01:00";;"2025-02-11 03:01:00";UVA;13;;"Melhoria de rede";NÃO;CE-UVA-100
1752562;manutencao;"2025-02-11 04:16:00";;"2025-02-11 04:16:00";CDR;0;;"Melhoria de rede";SIM;
1747064;manutencao;"2025-02-11 08:00:00";;"2025-02-11 08:00:00";IRI;62;;"Melhoria de rede";NÃO;"CE-IRI-VR C1, CE-IRI-VR G1, CE-IRI-VR G2, CE-IRI-VR G3, CE-IRI-VR H1, CE-IRI-VR H2, CE-IRI-VR H3, CE-IRI-VR H4, CE-IRI-VR H5, CE-IRI-VR H6, CE-IRI-VR H7"
1752854;evento;"2025-02-11 08:37:00";;"2025-02-11 08:37:00";CNI;5;;"Carga alta";SIM;"CE-CNI-773, CE-CNI-896, CE-CNI-898"
1734363;manutencao;"2025-02-11 11:00:00";;"2025-02-11 16:11:00";CDR;0;;"Manutenção - Melhoria de Rede";NÃO;
1753230;evento;"2025-02-11 11:22:00";;"2025-02-11 11:22:00";CDR;200;;"Rompimento Parcial";NÃO;"CE-VDA-1643, CE-VDA-800, CE-VDA-2190C, CE-VDA-922, CE-VDA-2189C, CE-VDA-238, CE-VDA-832, CE-VDA-286, CE-VDA-289, CE-VDA-1168, CE-VDA-833, CE-VDA-297, CE-VDA-2192C, CE-VDA-2187C, CE-VDA-237, CE-VDA-298, CE-VDA-019"
1733300;manutencao;"2025-02-11 13:00:00";;"2025-02-12 11:38:00";IRI;0;;"Manutenção - Melhoria de Rede";NÃO;CE-IRI-BR-357-OV-D3
1753484;emergencial;"2025-02-11 13:38:00";;"2025-02-11 13:38:00";CDR;60;;"Atenuação de fibra";NÃO;"CE-CDR-468, CE-CDR-470, CE-CDR-466, CE-CDR-531, CE-CDR-469, CE-CDR-467"
1753670;evento;"2025-02-11 15:01:00";;"2025-02-11 15:01:00";VDA;8;;"Carga alta";SIM;CE-VDA-227
1754146;evento;"2025-02-11 18:34:00";;"2025-02-11 18:34:00";RSL;6;;"Carga alta";SIM;CE-LOS-223
1754251;manutencao;"2025-02-11 21:00:00";;"2025-02-11 21:00:00";RSL;3;;"Melhoria de rede";SIM;CE-RSL-482
1721956;manutencao;"2025-02-12 00:00:00";;"2025-02-12 00:00:00";CDR;14;;"Melhoria de rede";NÃO;CE-CDR-130
1702871;manutencao;"2025-02-12 00:00:00";;"2025-02-12 00:00:00";CDR;1;;"Melhoria de rede";NÃO;"CE-CBS-365, CE-CBS-025"
1733990;manutencao;"2025-02-12 00:00:00";;"2025-02-12 00:00:00";CDR;37;;"Melhoria de rede";NÃO;"CE-CDR-566, CE-CDR-795, CE-CDR-1538, CE-CDR-1170"
1733390;manutencao;"2025-02-12 14:00:00";;"2025-02-12 14:00:00";CNI;7;;"Manutenção Emergêncial";NÃO;CE-TSB-170
1755143;evento;"2025-02-12 15:31:00";;"2025-02-12 15:31:00";CDR;19;;"Incêndio em Poste";SIM;"CE-CDR-510, CE-CDR-157"
1755438;evento;"2025-02-12 17:16:00";;"2025-02-12 17:16:00";UVA;0;;"Falha splitter saída";NÃO;
1746494;manutencao;"2025-02-13 00:00:00";;"2025-02-13 04:46:00";RSL;7;;"Manutenção - Melhoria de Rede";NÃO;"CE-RSL-677, CE-RSL-657, CE-RSL-659, CE-RSL-658"
1734805;manutencao;"2025-02-13 00:00:00";;"2025-02-13 04:46:00";RSL;21;;"Manutenção - Melhoria de Rede";NÃO;"CE-RSL-653, CE-RSL-631, CE-RSL-861, CE-AUK-019, CE-RSL-343, CE-AUK-079, CE-AUK-012, CE-AUK-010, CE-AUK-009"
1746662;manutencao;"2025-02-13 00:00:00";;"2025-02-13 04:45:00";UVA;13;;"Manutenção - Melhoria de Rede";NÃO;CE-UVA-100
1731883;manutencao;"2025-02-13 00:00:00";;"2025-02-13 00:00:00";CNI;44;;"Melhoria de rede";NÃO;"CE-CNI-403, CE-CNI-404, CE-CNI-407, CE-CNI-405, CE-CNI-408"
1755978;evento;"2025-02-13 07:36:00";;"2025-02-13 07:36:00";RSL;52;;"Queda de árvore";SIM;"CE-AUK-022, CE-AUK-017, CE-AUK-024, CE-AUK-014, CE-AUK-116, CE-AUK-020, AUK-S300 GegNET-Santa-Tereza, AUK-S302 GegNET-Velho-Barbudo (CUBO), AUK-S228 GegNET-Tifa-Italiano (CUBO), AUK-S GegNET-Chapadao-Nova-Italia"
1756023;manutencao;"2025-02-13 10:08:00";;"2025-02-13 10:08:00";UVA;13;;"Melhoria de rede";NÃO;CE-UVA-1388
1756551;evento;"2025-02-13 13:42:00";;"2025-02-13 13:42:00";VDA;247;;"Banco de baterias";NÃO;"CE-IOME-000, CE-IOME-001, CE-IOME-1041, CE-IOME-1090, CE-IOME-1119, CE-IOME-1145, CE-IOME-1146, CE-IOME-1165, CE-IOME-1173, CE-IOME-1175, CE-IOME-1176, CE-IOME-1177, CE-IOME-1191, CE-IOME-120, CE-IOME-1205, CE-IOME-1238, CE-IOME-1242, CE-IOME-1307, CE-IOME-1308, CE-IOME-1309, CE-IOME-1310, CE-IOME-1400, CE-IOME-1423, CE-IOME-1424, CE-IOME-1425, CE-IOME-1426, CE-IOME-1427, CE-IOME-1428, CE-IOME-1430, CE-IOME-1436, CE-IOME-1437, CE-IOME-1439, CE-IOME-1440, CE-IOME-1446, CE-IOME-1450, CE-IOME-1500, CE-IOME-1501, CE-IOME-1502, CE-IOME-1502, CE-IOME-1503, CE-IOME-1504, CE-IOME-1504, CE-IOME-1505, CE-IOME-1506, CE-IOME-1507, CE-IOME-1508, CE-IOME-1516, CE-IOME-1517, CE-IOME-1518, CE-IOME-1519, CE-IOME-1520, CE-IOME-1521, CE-IOME-1522, CE-IOME-1523, CE-IOME-191, CE-IOME-222, CE-IOME-228, CE-IOME-229, CE-IOME-268, CE-IOME-269, CE-IOME-270, CE-IOME-271, CE-IOME-272, CE-IOME-273, CE-IOME-274, CE-IOME-276, CE-IOME-275, CE-IOME-277, CE-IOME-278, CE-IOME-280, CE-IOME-386, CE-IOME-389, CE-IOME-392, CE-IOME-393, CE-IOME-395, CE-IOME-396, CE-IOME-398, CE-IOME-4709, CE-IOME-559, CE-IOME-613, CE-IOME-616, CE-IOME-711, CE-IOME-740, CE-IOME-741, CE-IOME-801, CE-IOME-903, CE-IOME-904, CE-IOME-926, CE-IOME-927, CE-IOME-928"
1742499;manutencao;"2025-02-14 00:00:00";;"2025-02-16 20:09:00";ITH;0;;"Manutenção - Melhoria de Rede";NÃO;CE-ITH-037
1743781;manutencao;"2025-02-14 00:00:00";;"2025-02-14 00:00:00";RSL;9;;"Melhoria de rede";NÃO;"CE-RSL-925, CE-RSL-L5, CE-RSL-L11, CE-RSL-L12, CE-RSL-L13, CE-RSL-721"
1757374;evento;"2025-02-14 08:40:00";;"2025-02-14 08:40:00";UVA;15;;"Falta de energia";NÃO;"CE-UVA-890, CE-UVA-899, CE-UVA-896, CE-UVA-898"
1758080;evento;"2025-02-14 16:30:00";;"2025-02-14 16:30:00";VDA;3;;"Queda de árvore";SIM;CE-VII-4043
1758341;evento;"2025-02-14 19:47:00";;"2025-02-14 19:47:00";CDR;0;;"Falha GBIC";NÃO;"ITH-S1612  ITELFIBRA  POP ENGENHEIRO"
1757554;manutencao;"2025-02-15 09:50:00";;"2025-02-16 20:57:00";UVA;3;;"Manutenção - Melhoria de Rede";NÃO;CE-UVA-679
778123;manutencao;"2025-02-17 08:20:00";;"2025-02-17 08:32:00";CDR;1;;"Manutenção Preventiva";SIM;"CAIXA NÃO DOCUMENTADA"
1759418;evento;"2025-02-17 09:01:00";;"2025-02-17 10:16:00";RSL;6;;"Equipamento Queimado";NÃO;GegNET-Chapadao-Nova-Italia-2
1757981;manutencao;"2025-02-17 09:30:00";;"2025-02-17 13:41:00";UVA;22;;"Manutenção Preventiva";NÃO;"CE-PUF-090, CE-PUF-135, CE-PUF-134, CE-PUF-090, CE-PUF-131"
1717948;manutencao;"2025-02-17 09:30:00";;"2025-02-17 13:21:00";IRI;0;;"Manutenção - Melhoria de Rede";NÃO;"CAIXA NÃO DOCUMENTADA"
1759731;evento;"2025-02-17 09:30:00";;"2025-02-17 10:49:00";IRI;1364;;"Rompimento Parcial";NÃO;Telge
1733306;manutencao;"2025-02-17 10:00:00";;"2025-02-17 16:34:00";UVA;6;;"Manutenção Preventiva";NÃO;CE-PUF-142
1730506;manutencao;"2025-02-17 14:00:00";;"2025-02-18 09:17:00";IRI;1;;"Manutenção Preventiva";NÃO;CE-SSL-627
1760675;evento;"2025-02-17 16:00:00";;"2025-02-18 09:05:00";VDA;15;;"Incêndio em Poste";SIM;"CE-CNV-103, CE-CNV-101, CE-CNV-408, CE-CNV-072, CE-CNV-069, CE-CNV-075, CE-CNV-074"
1761118;evento;"2025-02-17 20:48:00";;"2025-02-18 10:18:00";RSL;2;;"Falta de Energia";NÃO;"AUK-S228 GegNET-Tifa-Italiano (CUBO)"
1761093;emergencial;"2025-02-17 20:53:00";;"2025-02-18 10:59:00";VDA;2;;"Troca de Poste";NÃO;"EDIFICIO ALVORADA"
1759578;manutencao;"2025-02-18 00:00:00";;"2025-02-18 00:51:00";RSL;16;;"Manutenção - Melhoria de Rede";NÃO;"CE-RSL-A6, CE-RSL-A7, CE-RSL-A8, CE-RSL-A11, CE-RSL-A13"
1759906;manutencao;"2025-02-18 00:00:00";;"2025-02-18 05:10:00";RSL;14;;"Manutenção Preventiva";NÃO;"CE-RSL-485, CE-RSL-487, CE-RSL-492, CE-RSL-494, CE-RSL-485, CE-RSL-489, CE-RSL-491, CE-RSL-496, CE-RSL-1158, CE-RSL-493, CE-RSL-995, CE-RSL-499"
1760506;manutencao;"2025-02-18 00:00:00";;"2025-02-18 05:12:00";RSL;44;;"Manutenção Preventiva";NÃO;"CE-RSL-586, CE-RSL-584, CE-RSL-582, CE-RSL-580, CE-RSL-578, CE-RSL-571, CE-RSL-836, CE-RSL-624"
1761053;evento;"2025-02-18 09:20:00";;"2025-02-18 14:36:00";RSL;2;;"Queda de Poste";SIM;"CE-OTO-016, CE-OTO-024"
1761474;evento;"2025-02-18 09:52:00";;"2025-02-18 11:04:00";UVA;9;;"Insetos na Caixa";SIM;"CE-UVA-280, CE-UVA-278, CE-UVA-277, CE-UVA-274, CE-UVA-276"
1760106;manutencao;"2025-02-18 10:00:00";;"2025-02-18 11:00:00";ITH;0;;"Manutenção Preventiva";NÃO;CE-ITH-CTO-30-IT
1761480;evento;"2025-02-18 10:30:00";;"2025-02-18 15:46:00";RSL;6;;"Falha no Equipamento Rádio";NÃO;"RSL-S769 Fundo-Bela-Alianca-2 (CUBO), RSL-S770 Fundo-Bela-Alianca-3 (CUBO)"
1764009;emergencial;"2025-02-19 00:00:00";;"2025-02-20 03:57:00";UVA;2;;"Manutenção - Melhoria de Rede";NÃO;CE-UVA-528
1744062;manutencao;"2025-02-19 01:00:00";;"2025-02-19 05:48:00";IRI;0;;"Manutenção - Melhoria de Rede";NÃO;"CE-IRI-3014, CE-IRI-3015"
1763283;backbone;"2025-02-19 12:30:00";;"2025-02-19 17:49:00";RSL;36;;"Carga Alta";SIM;"CE-LOS-248, CE-LOS-294, CE-LOS-251, CE-LOS-252, CE-LOS-253, CE-LOS-249, CE-LOS-273, CE-LOS-257"
1732151;manutencao;"2025-02-20 00:00:00";;"2025-02-19 09:12:00";UVA;12;;"Manutenção - Melhoria de Rede";NÃO;CE-UVA-1388
1740349;manutencao;"2025-02-20 00:00:00";;"2025-02-19 09:02:00";UVA;5;;"Manutenção - Melhoria de Rede";NÃO;CE-UVA-669
1483591;manutencao;"2025-02-20 00:00:00";;"2025-02-19 09:05:00";CNI;43;;"Manutenção - Melhoria de Rede";SIM;"CE-CNI-403, CE-CNI-404, CE-CNI-407, CE-CNI-405, CE-CNI-408"
1758886;manutencao;"2025-02-20 00:00:00";;"2025-02-19 09:00:00";CDR;9;;"Manutenção Preventiva";SIM;CE-CDR-015
1763016;manutencao;"2025-02-20 00:00:00";;"2025-02-20 03:14:00";CDR;0;;"Manutenção - Melhoria de Rede";NÃO;"CE-CDR-128, CE-CDR-1075"
1739583;manutencao;"2025-02-20 00:00:00";;"2025-02-20 02:00:00";ITH;0;;"Manutenção Preventiva";NÃO;CE-ITH-G-03-IT
1739765;manutencao;"2025-02-20 00:00:00";;"2025-02-20 05:54:00";ITH;1;;"Manutenção Emergencial";NÃO;"CE-ITH-AE-04-IT, CE-ITH-AE-05-IT, CE-ITH-AE-06-IT, CE-ITH-AE-07-IT, CE-ITH-AE-08-IT"
1761168;emergencial;"2025-02-20 00:00:00";;"2025-02-20 16:54:00";RSL;26;;"Queda de Poste";NÃO;"CE-LOS-257, CE-LOS-256, CE-LOS-255, CE-LOS-258"
1752876;manutencao;"2025-02-20 01:00:00";;"2025-02-20 05:55:00";UVA;39;;"Manutenção - Melhoria de Rede";NÃO;"CE-UVA-522, CE-UVA-524, CE-UVA-523, CE-UVA-542, CE-UVA-521, CE-UVA-530, CE-UVA-532, CE-UVA-533, CE-UVA-528, CE-UVA-526, CE-UVA-525"
1763093;manutencao;"2025-02-20 02:00:00";;"2025-02-20 03:13:00";UVA;1;;"Manutenção - Melhoria de Rede";NÃO;CE-UVA-058
1764814;evento;"2025-02-20 12:03:00";;"2025-02-20 15:20:00";VDA;28;;"Problema no Quadro de Disjuntores";NÃO;pop-videira
1765689;evento;"2025-02-21 04:35:00";;"2025-02-21 12:05:00";RSL;16;;"Vandalismo ou Roubo";NÃO;"CE-RSL-861, CE-AUK-019, CE-RSL-343, CE-AUK-012, CE-AUK-009, CE-AUK-079"
1766418;manutencao;"2025-02-21 14:17:00";;"2025-02-21 16:57:00";CNI;25;;"Troca de Poste";NÃO;"CE-ILS-169, CE-ILS-176, CE-ILS-172, CE-ILS-171, CE-ILS-168, CE-ILS-170, CE-ILS-175, CE-ILS-173"
1763711;manutencao;"2025-02-21 14:30:00";;"2025-02-21 19:10:00";RSL;3;;"Manutenção - Melhoria de Rede";NÃO;"CE-RSL-238, CE-RSL-237, CE-RSL-320"
1697498;manutencao;"2025-02-21 15:17:00";;"2025-02-21 16:02:00";CDR;23;;"Manutenção Preventiva";NÃO;CE-CDR-150
1766619;evento;"2025-02-21 16:16:00";;"2025-02-22 16:06:00";CDR;8;;"Falha no Splitter de Saída";SIM;"CE-CDR-1432, CE-CDR-1433"
1766618;evento;"2025-02-21 16:18:00";;"2025-02-21 19:47:00";VDA;11;;"Carga Alta";NÃO;"CE-PHP-3000, CE-PHP-3002, CE-PHP-3003"
1766875;evento;"2025-02-21 18:36:00";;"2025-02-22 11:03:00";UVA;24;;"Equipamento Queimado";SIM;"PUN-S490  GGNET  FMVV, GegNET ALine001 (UVA-S505), PUN-S499  GGNET  TORRE FLOR DA SERRA, GegNET-Hobi-01 (UVA-S519)"
1725581;manutencao;"2025-02-22 09:30:00";;"2025-02-22 11:00:00";RSL;22;;"Manutenção Preventiva";SIM;"CE-PSU-024, CE-PSU-010, CE-PSU-063, CE-PSU-048, CE-PSU-026"
1767252;evento;"2025-02-22 10:10:00";;"2025-02-22 12:48:00";CNI;4;;"Falha no Splitter de Saída";NÃO;"CE-PPV-111, CE-PPV-112"
1767597;evento;"2025-02-22 13:59:00";;"2025-02-22 19:30:00";CDR;26;;"Carga Alta";SIM;"CE-CDR-670, CE-CDR-381"
1768009;emergencial;"2025-02-23 20:00:00";;"2025-02-24 08:06:00";VDA;30;;"Manutenção Preventiva";NÃO;"CE-VDA-991, CE-VDA-1080"
1744368;manutencao;"2025-02-24 08:41:00";;"2025-02-24 09:32:00";UVA;11;;"Manutenção Preventiva";NÃO;CE-UVA-213
1765308;manutencao;"2025-02-24 09:00:00";;"2025-02-24 12:52:00";CNI;10;;"Manutenção - Melhoria de Rede";NÃO;CE-PPV-029
1768368;evento;"2025-02-24 10:00:00";;"2025-02-24 16:22:00";UVA;3;;"Carga Alta";NÃO;CE-UVA-658
1599672;manutencao;"2025-02-24 11:27:00";;"2025-02-24 11:54:00";UVA;5;;"Manutenção Preventiva";NÃO;CE-UVA-676
1768239;evento;"2025-02-24 13:35:00";;"2025-02-24 19:58:00";RSL;6;;"Ativo de Rede";SIM;"AUK-S227 GegNET-Reta-Cobra-Sul (CUBO), AUK-S228 GegNET-Tifa-Italiano (CUBO)"
1768828;evento;"2025-02-24 14:40:00";;"2025-02-24 20:18:00";VDA;15;;"Carga Alta";SIM;"CE-FGO-637, CE-FGO-644, CE-FGO-636, CE-FGO-641, CE-FGO-642, CE-FGO-664, CE-FGO-635, CE-FGO-661"
1768795;evento;"2025-02-24 14:43:00";;"2025-02-24 20:32:00";VDA;107;;"Carga Alta";NÃO;"CE-VDA-485, CE-VDA-487, CE-VDA-486, CE-VDA-488, CE-VDA-474, CE-VDA-483, CE-VDA-4908C, CE-VDA-4912C, CE-VDA-438, CE-VDA-4914C, CE-VDA-4907C, CE-VDA-990, CE-VDA-4909C, CE-VDA-433"
1769311;evento;"2025-02-24 18:00:00";;"2025-02-24 19:24:00";IRI;0;;"Carga Alta";SIM;"IRI-S1608  GGNET  TELGE"
1769375;evento;"2025-02-24 18:22:00";;"2025-02-24 20:13:00";CNI;1;;"Ativo de Rede";SIM;"CNI-S1604  GGNET  FELIPE SCHMIDT"
1761399;evento;"2025-02-24 22:05:00";;"2025-02-24 23:56:00";UVA;9;;"Problema na Caixa de Emenda";SIM;"CE-UVA-281, CE-UVA-277, CE-UVA-275, CE-UVA-278, CE-UVA-276, CE-UVA-280, CE-UVA-279, CE-UVA-274"
1649784;manutencao;"2025-02-25 00:00:00";;"2025-02-25 04:46:00";CNI;3;;"Melhoria de rede";NÃO;CE-CNI-543
1768068;manutencao;"2025-02-25 00:00:00";;"2025-02-25 03:04:00";UVA;4;;"Manutenção - Melhoria de Rede";NÃO;"GegNET-SC (UVA-S528)"
1767149;manutencao;"2025-02-25 04:00:00";;"2025-02-25 06:12:00";CNI;0;;"Manutenção - Melhoria de Rede";NÃO;"MOT-S671  GGNET  CORE"
1768209;manutencao;"2025-02-25 04:00:00";;"2025-02-25 04:44:00";UVA;0;;"Manutenção - Melhoria de Rede";SIM;CE-UVA-246
1756679;manutencao;"2025-02-25 09:00:00";;"2025-02-25 11:25:00";RSL;3;;"Manutenção Preventiva";NÃO;"CE-IIR-133, CE-IIR-124"
1770091;evento;"2025-02-25 12:00:00";;"2025-02-25 17:15:00";RSL;114;;"Queda de Árvore";NÃO;"CE-RSL-464, CE-RSL-933, CE-RSL-471, CE-RSL-638, CE-RSL-472, CE-RSL-470, CE-RSL-468, CE-RSL-466, CE-RSL-462, CE-RSL-458, CE-RSL-460, CE-RSL-461, CE-RSL-456, CE-RSL-459, CE-RSL-901, CE-RSL-640, CE-RSL-641, CE-RSL-642, CE-RSL-684, CE-RSL-687, CE-RSL-650, CE-RSL-1088, CE-RSL-519, CE-RSL-440"
1518929;manutencao;"2025-02-26 00:00:00";;"2025-02-26 05:55:00";UVA;0;;"Manutenção - Melhoria de Rede";NÃO;CE-PLF-002
1770910;manutencao;"2025-02-26 08:00:00";;"2025-02-26 11:51:00";VDA;7;;"Manutenção Preventiva";NÃO;CE-TZS-151
1768325;manutencao;"2025-02-26 09:00:00";;"2025-02-26 10:12:00";RSL;33;;"Manutenção Preventiva";NÃO;"CE-PSU-020, CE-PSU-019, CE-PSU-013, CE-PSU-017, CE-PSU-028, CE-PSU-016, CE-PSU-006, CE-PSU-011"
1756835;manutencao;"2025-02-26 09:00:00";;"2025-02-26 09:53:00";RSL;8;;"Manutenção Preventiva";NÃO;"CE-RSL-145, CE-RSL-150, CE-RSL-139, CE-RSL-134, CE-RSL-152"
1771290;evento;"2025-02-26 09:28:00";;"2025-02-26 19:54:00";RSL;61;;"Carga Alta";NÃO;"CE-AUK-110, CE-AUK-109, CE-AUK-108, CE-AUK-107, CE-AUK-105, CE-AUK-104, CE-AUK-093, CE-AUK-076, CE-AUK-090, CE-AUK-091, CE-AUK-096, CE-AUK-097, CE-AUK-099, CE-AUK-103, CE-AUK-095"
1771404;evento;"2025-02-26 10:20:00";;"2025-02-26 21:01:00";RSL;21;;"Obra de Terceiros";NÃO;"AUK-S736  GGNET  TORRE AURORA, AUK-S221 Margem-Esquerda (CUBO), AUK-S22 GegNET-Nilvo (CUBO)"
1771458;evento;"2025-02-26 10:58:00";;"2025-02-26 15:01:00";VDA;103;;"Carga Alta";NÃO;"CE-VDA-990, CE-VDA-369, CE-VDA-372, CE-VDA-135, CE-VDA-149, CE-VDA-968, CE-VDA-1285, CE-VDA-206"
1771736;evento;"2025-02-26 13:42:00";;"2025-02-26 16:05:00";CNI;2;;"Falha na Fonte do Equipamento";NÃO;"Edificio Largura"
1772320;evento;"2025-02-26 19:40:00";;"2025-02-26 22:34:00";UVA;5;;"Problema na Caixa de Emenda";SIM;CE-SSL-102
1772443;evento;"2025-02-27 08:12:00";;"2025-02-27 10:53:00";UVA;5;;Incêndio;NÃO;CE-UVA-334
1772747;evento;"2025-02-27 11:10:00";;"2025-02-27 11:33:00";CNI;0;;"Equipamento Travado";NÃO;pop-major-vieira-torre
1774723;evento;"2025-02-28 13:18:00";;"2025-02-28 22:23:00";VDA;15;;"Troca de Poste";SIM;"CE-VDA-823, CE-VDA-824"
1774829;evento;"2025-02-28 20:57:00";;"2025-03-01 00:38:00";CDR;849;;"Incêndio em Poste";NÃO;"CE-CDR-034, CE-CDR-031, CE-CDR-673, CE-CDR-868, CE-CDR-1920, CE-CDR-010, CE-CDR-865, CE-CDR-1622, CE-CDR-089, CE-CDR-1233, CE-CDR-1236, CE-CDR-1462, CE-CDR-906, CE-CDR-052, CE-CDR-090, CE-CDR-223, CE-CDR-407, CE-CDR-278, CE-CDR-015, CE-CDR-1617, CE-CDR-048, CE-CDR-175, CE-CDR-1675, CE-CDR-186, CE-CDR-099, CE-CDR-270, CE-CDR-613, CE-CDR-164, CE-CDR-104, CE-CDR-1835, CE-CDR-107, CE-CDR-1644, CE-CDR-293, CE-CDR-142, CE-CDR-1162, CE-CDR-611, CE-CDR-277, CE-CDR-1148, CE-CDR-358, CE-CDR-040, CE-CDR-1726, CE-CDR-051, CE-CDR-030, CE-CDR-667, CE-CDR-1189, CE-CDR-1276, CE-CDR-176, CE-CDR-657, CE-CDR-212, CE-CDR-179, CE-CDR-509, CE-CDR-520, CE-CDR-519, CE-CDR-172, CE-CDR-1090, CE-CDR-1104, CE-CDR-1023, CE-CDR-591, CE-CDR-1227, CE-CDR-607, CE-CDR-1153, CE-CDR-1152, CE-CDR-892, CE-CDR-294, CE-CDR-395, CE-CDR-980, CE-CDR-902, CE-CDR-857, CE-CDR-234, CE-CDR-790, CE-CDR-603, CE-CDR-083, CE-CDR-936, CE-CDR-804, CE-CDR-361, CE-CDR-1789, CE-CDR-1120, CE-CDR-502, CE-CDR-500, CE-CDR-499, CE-CDR-811, CE-CDR-1141, CE-CDR-1369, CE-CDR-1290, CE-CDR-1547, CE-CDR-1018, CE-CDR-1088, CE-CDR-1126, CE-CDR-1163, CE-CDR-409, CE-CDR-208, CE-CDR-1620, CE-CDR-1621, CE-CDR-1383, CE-CDR-1381, CE-CDR-1583, CE-CDR-1265, CE-CDR-1404, CE-CDR-1396, CE-CDR-1592, CE-CDR-1214, CE-CDR-1146, CE-CDR-1651, CE-CDR-686, CE-CDR-1374, CE-CDR-557, CE-CDR-692"
1761399;manutencao;"2025-03-01 00:00:00";;"2025-03-01 05:01:00";UVA;14;;"Manutenção Preventiva";SIM;"CE-UVA-269, CE-UVA-282, CE-UVA-270, CE-UVA-271, CE-UVA-272, CE-UVA-281, CE-UVA-277, CE-UVA-275, CE-UVA-278, CE-UVA-276, CE-UVA-280, CE-UVA-279, CE-UVA-274"
1775178;evento;"2025-03-01 07:55:00";;"2025-03-01 09:38:00";VDA;38;;"Equipamento Travado";NÃO;"CE-SVK-004, CE-SVK-007, CE-SVK-008, CE-SVK-009, CE-SVK-010, CE-SVK-011, CE-SVK-012, CE-SVK-021, CE-SVK-019, CE-SVK-017, CE-SVK-025, CE-SVK-027, CE-SVK-028, CE-SVK-043, CE-SVK-052, CE-SVK-057, CE-SVK-068, CE-SVK-075, CE-SVK-087, CE-SVK-089, CE-SVK-013, CE-SVK-014, CE-SVK-015, CE-SVK-016, CE-SVK-018"
1775171;evento;"2025-03-01 07:59:00";;"2025-03-01 15:15:00";RSL;4;;"Carga Alta";NÃO;CE-RSL-M2
1775170;evento;"2025-03-01 08:29:00";;"2025-03-01 11:15:00";RSL;14;;"Atenuação de Fibra";NÃO;"CE-RSL-458, CE-RSL-459, CE-RSL-460, CE-RSL-461"
1775752;evento;"2025-03-01 18:20:00";;"2025-03-02 04:01:00";CDR;11;;"Manutenção Emergencial";NÃO;"CE-CBS-280, CE-CBS-045, CE-CBS-282, CE-CBS-359, CE-CBS-267, CE-CBS-309, CE-CBS-276, CE-CBS-327"
1775770;evento;"2025-03-01 18:44:00";;"2025-03-01 21:29:00";CDR;18;;"Manutenção Emergencial";NÃO;"EDIFICIO GUZZI (CDR-S242)"
1776090;evento;"2025-03-02 16:14:00";;"2025-03-03 09:00:00";VDA;3;;"Carga Alta";NÃO;CE-VDA-1163
1776047;evento;"2025-03-02 19:03:00";;"2025-03-03 01:05:00";CDR;10;;"Carga Alta";SIM;"CE-SCC-196, CE-SCC-236"
1643954;manutencao;"2025-03-03 11:24:00";;"2025-03-03 12:16:00";UVA;26;;"Manutenção - Melhoria de Rede";NÃO;"CE-UVA-1394, CE-UVA-1414, CE-UVA-1212, CE-UVA-341, CE-UVA-1321"
1776924;evento;"2025-03-03 15:35:00";;"2025-03-03 19:21:00";RSL;104;;"Poda Vegetação";SIM;"CE-AUK-120, CE-AUK-013, CE-AUK-183, CE-AUK-187, CE-AUK-185, CE-AUK-031, CE-AUK-004, CE-AUK-030, CE-AUK-077, AUK-S728  GGNET  PONSONI, AUK-S228 GegNET-Tifa-Italiano (CUBO), AUK-S GegNET-Chapadao-Nova-Italia, GegNET-Chapadao-Nova-Italia-2, AUK-S301 GegNET-Sao-Martinho (CUBO), AUK-S302 GegNET-Velho-Barbudo (CUBO), AUK-S300 GegNET-Santa-Tereza, CE-AUK-017, CE-AUK-025, CE-AUK-008, CE-AUK-014, CE-AUK-022, CE-AUK-016, CE-AUK-024"
1752876;manutencao;"2025-03-04 00:00:00";;"2025-02-26 08:25:00";UVA;38;;"Manutenção Preventiva";NÃO;"CE-UVA-522, CE-UVA-524, CE-UVA-523, CE-UVA-521, CE-UVA-530, CE-UVA-532, CE-UVA-533, CE-UVA-528, CE-UVA-526, CE-UVA-525"
1776444;manutencao;"2025-03-04 01:00:00";;"2025-03-04 03:53:00";CDR;1;;"Manutenção - Melhoria de Rede";NÃO;CE-CDR-029
1777608;evento;"2025-03-04 08:44:00";;"2025-03-04 18:00:00";IRI;21;;"Erro de Configuração";NÃO;"TXR-S1595  GGNET  CORE - TEIXEIRA"
1633383;manutencao;"2025-03-04 11:00:00";;"2025-03-04 12:52:00";UVA;16;;"Manutenção - Melhoria de Rede";NÃO;CE-UVA-735
1707796;manutencao;"2025-03-04 15:30:00";;"2025-03-04 17:21:00";CDR;0;;"Manutenção Preventiva";NÃO;CE-CBS-164
1707796;manutencao;"2025-03-04 16:30:00";;"2025-03-04 17:21:00";CDR;0;;"Manutenção Preventiva";NÃO;CE-CBS-164
1778583;evento;"2025-03-04 20:21:00";;"2025-03-04 22:12:00";ITH;1;;"Insetos na Caixa";SIM;"CE-ITH-R-44-IT, CE-ITH-R-45-IT, CE-ITH-R-46-IT, CE-ITH-R-47-IT, CE-ITH-R-48-IT"
1770276;manutencao;"2025-03-05 00:00:00";;"2025-03-05 06:30:00";CDR;0;;"Manutenção Preventiva";NÃO;CE-CBS-025
1661943;manutencao;"2025-03-05 05:00:00";;"2025-03-05 07:02:00";VDA;53;;"Manutenção Emergencial";NÃO;"CE-IOME-1146, CE-IOME-222, CE-IOME-1430, CE-IOME-1520, CE-IOME-1238, CE-IOME-1242, CE-IOME-1436, CE-IOME-741, CE-IOME-1523, CE-IOME-1502, CE-IOME-1503, CE-IOME-1505, CE-IOME-1506"
1722552;manutencao;"2025-03-05 09:30:00";;"2025-03-05 10:19:00";CDR;5;;"Manutenção Preventiva";NÃO;"CE-CBS-484, CE-CBS-472, CE-CBS-478, CE-CBS-494, CE-CBS-495, CE-CBS-497, CE-CBS-115"
1778848;manutencao;"2025-03-06 00:00:00";;"2025-03-06 07:46:00";CNI;2;;"Manutenção - Melhoria de Rede";NÃO;CE-BEVO-003
1780713;evento;"2025-03-06 08:23:00";;"2025-03-06 09:47:00";CDR;15;;"Rompimento Parcial";NÃO;CE-CDR-1209
1582247;manutencao;"2025-03-06 10:00:00";;"2025-03-06 10:56:00";CDR;5;;"Manutenção Preventiva";NÃO;CE-SCC-211
1782709;evento;"2025-03-06 23:54:00";;"2025-03-07 09:24:00";VDA;1214;;"Carga Alta";NÃO;"CE-VDA-762, CE-VDA-475, CE-VDA-474, CE-VDA-336, CE-VDA-323, CE-VDA-358, CE-VDA-096, CE-VDA-097, CE-VDA-099, CE-VDA-176, CE-VDA-920, CE-VDA-100, CE-VDA-854, CE-VDA-1415, CE-VDA-1148, CE-VDA-105, CE-VDA-1181, CE-VDA-357, CE-VDA-1049, CE-VDA-123, CE-VDA-1416, CE-VDA-1417, CE-VDA-1418, CE-VDA-1419, CE-VDA-852, CE-VDA-609, CE-VDA-1258, CE-VII-3101, CE-VII-3046, CE-VDA-905, CE-VII-3047, CE-VII-3048, CE-VDA-2200C, CE-VDA-046, CE-VDA-2201C, CE-VDA-2202C, CE-VDA-391, CE-VDA-851, CE-VDA-124, CE-VDA-1178, CE-VDA-330, CE-VII-3100, CE-VDA-1001, CE-VDA-992, CE-VDA-007, CE-VDA-093, CE-VDA-794, CE-VII-3063, CE-VDA-1239, CE-VDA-1152, CE-VDA-192, CE-VDA-1664, CE-VDA-187, CE-VDA-707, CE-VDA-720, CE-VDA-614, CE-VDA-708, CE-VDA-1050, CE-VDA-713, CE-VDA-1251, CE-VDA-1254, CE-VDA-018, CE-VDA-705, CE-VDA-618, CE-VDA-706, CE-VDA-087, CE-VDA-086, CE-VDA-185, CE-VDA-837, CE-VDA-1164, CE-VDA-763, CE-VDA-1165, CE-VDA-1180, CE-VDA-710, CE-VDA-622, CE-VDA-714, CE-VDA-1003, CE-VDA-611, CE-VDA-715, CE-VDA-1053, CE-VII-3076, CE-VDA-712, CE-VDA-772, CE-VDA-1034, CE-VII-3025, CE-IOME-1400, CE-IOME-711, CE-IOME-616, CE-VDA-075, CE-VDA-108, CE-VDA-540, CE-VDA-070, CE-VDA-114, CE-VDA-094, CE-VDA-091, CE-VDA-1315, CE-VDA-092, CE-VDA-533, CE-VII-3086, CE-VDA-528, CE-VDA-836, CE-VDA-1575, CE-VDA-1432, CE-VDA-083, CE-VDA-1444, CE-VDA-864, CE-VDA-085, CE-VDA-4010C, CE-VDA-4015C, CE-VDA-4014C, CE-VDA-4011C, CE-VDA-4012C, CE-VDA-4013C, CE-VDA-4019C, CE-VDA-4017C, CE-VDA-4016C, CE-VDA-4008C, CE-VDA-C4910, CE-VDA-132, CE-VDA-167, CE-VDA-069, CE-VDA-089, CE-VDA-079, CE-VDA-090, CE-VDA-076, CE-VDA-156, CE-VDA-134, CE-VDA-078, CE-VDA-537, CE-VDA-534, CE-VDA-535, CE-VDA-770, CE-VDA-546, CE-VDA-779, CE-VDA-536, CE-VDA-619, CE-VDA-1087, CE-VDA-835, CE-VDA-834, CE-VDA-527, CE-VDA-529, CE-VDA-532, CE-VDA-531, CE-VDA-530"
1782669;manutencao;"2025-03-07 07:00:00";;"2025-03-07 09:58:00";ITH;0;;"Manutenção Preventiva";NÃO;CE-ITH-R-02-IT
1783104;evento;"2025-03-07 08:28:00";;"2025-03-07 12:18:00";RSL;7;;"Carga Alta";NÃO;"RSL-S767 Serra-Taboao-2 (CUBO), GegNET-Serra-Taboao, RSL-S768 Serra-Taboao-3 (CUBO), GegNET-Capela-Josmar"
1732547;manutencao;"2025-03-07 10:30:00";;"2025-03-07 15:40:00";CDR;2;;"Manutenção Preventiva";NÃO;CE-CBS-370
1783585;evento;"2025-03-07 10:40:00";;"2025-03-07 15:18:00";UVA;15;;"Carga Alta";NÃO;CE-UVA-1333
1776549;manutencao;"2025-03-07 11:00:00";;"2025-03-07 14:43:00";RSL;3;;"Manutenção Preventiva";NÃO;CE-PSU-053
1782046;manutencao;"2025-03-07 14:00:00";;"2025-03-07 14:43:00";RSL;19;;"Manutenção Preventiva";NÃO;"CE-PSU-060, CE-PSU-052, CE-PSU-061, CE-PSU-054, CE-PSU-068, CE-PSU-049, CE-PSU-051, CE-PSU-062, CE-PSU-055, CE-PSU-056, CE-VRM-088"
1772480;manutencao;"2025-03-07 14:00:00";;"2025-03-07 15:02:00";CDR;46;;"Manutenção Preventiva";NÃO;"CE-CDR-1350, CE-CDR-266, CE-CDR-766, CE-CDR-193, CE-CDR-1350"
1784927;evento;"2025-03-07 15:18:00";;"2025-03-07 19:49:00";RSL;4;;"Carga Alta";SIM;"CE-IUP-126, CE-IUP-274"
1783611;manutencao;"2025-03-07 16:00:00";;"2025-03-07 18:16:00";CDR;0;;"Manutenção - Melhoria de Rede";NÃO;CE-CBS-422
1773795;manutencao;"2025-03-07 16:17:00";;"2025-03-08 14:39:00";UVA;8;;"Manutenção - Melhoria de Rede";NÃO;CE-UVA-589
1785429;evento;"2025-03-07 18:45:00";;"2025-03-07 23:35:00";VDA;5;;"Carga Alta";SIM;CE-TZS-156
1785546;emergencial;"2025-03-07 20:59:00";;"2025-03-08 00:54:00";CDR;35;;"Carga Alta";SIM;"CE-CDR-234, CE-CDR-692, Residencial São Francisco II (CDR-S224)"
1735004;manutencao;"2025-03-08 09:00:00";;"2025-03-08 14:45:00";UVA;46;;"Manutenção - Melhoria de Rede";NÃO;"CE-PUF-102, CE-PUF-122, CE-PUF-092, CE-PUF-107, CE-PUF-104, CE-PUF-102"
1780948;manutencao;"2025-03-08 09:30:00";;"2025-03-08 14:45:00";RSL;8;;"Manutenção Preventiva";NÃO;"FTTA-RSL-1106 - RESIDENCIAL ITALIA, CE-RSL-998, CE-RSL-1034, CE-RSL-1036, CE-RSL-1109"
1783214;manutencao;"2025-03-08 09:30:00";;"2025-03-08 14:45:00";UVA;28;;"Manutenção Preventiva";NÃO;"CE-UVA-1414, CE-UVA-1394, CE-UVA-037, CE-UVA-1212, CE-UVA-341, CE-UVA-1321"
1786227;evento;"2025-03-08 10:49:00";;"2025-03-08 15:46:00";ITH;2;;"Carga Alta";NÃO;"ITH-S1611  ITELFIBRA  POP CENTRAL"
1786776;manutencao;"2025-03-08 19:00:00";;"2025-03-08 20:46:00";CDR;38;;"Manutenção Emergencial";SIM;"CE-CDR-367, CE-CDR-520"
1787486;emergencial;"2025-03-10 01:15:00";;"2025-03-10 07:17:00";CDR;14;;"Carga Alta";NÃO;CE-CDR-578
1787683;evento;"2025-03-10 05:21:00";;"2025-03-10 11:05:00";ITH;2;;"Erro de Configuração";NÃO;"ITH-S1611  ITELFIBRA  POP CENTRAL"
1787812;evento;"2025-03-10 08:24:00";;"2025-03-10 11:04:00";RSL;1;;"Equipamento Travado";NÃO;GegNET-Pacas-Montibeller
1790310;evento;"2025-03-10 13:12:00";;"2025-03-10 20:15:00";CDR;16;;"Carga Alta";SIM;"CE-TOG-001, CE-TOG-002, CE-TOG-003, CE-TOG-004, CE-TOG-005, CE-TOG-006, CE-TOG-007, CE-TOG-008, CE-TOG-011, CE-TOG-009, CE-TOG-015, CE-TOG-014, CE-TOG-012, CE-TOG-016, TOG-S1624  GGNET  SERRINHO"
1783611;manutencao;"2025-03-10 15:30:00";;"2025-03-10 22:02:00";CDR;7;;"Manutenção - Melhoria de Rede";SIM;CE-CBS-406
1789692;evento;"2025-03-10 16:15:00";;"2025-03-10 19:42:00";VDA;17;;"Problema na Caixa de Emenda";SIM;"CE-VII-3077, CE-VII-3075"
1790279;evento;"2025-03-10 16:42:00";;"2025-03-10 23:00:00";RSL;5;;"Causa Não Informada";SIM;"CE-RSL-346, CE-RSL-1120"
1790444;evento;"2025-03-10 20:42:00";;"2025-03-11 01:18:00";CDR;18;;"Carga Alta";SIM;"CE-CBS-292, CE-CBS-121, CE-CBS-123, CE-CBS-129, CE-CBS-192, CE-CBS-196, CE-CBS-199, CE-CBS-201, CE-CBS-202, CE-CBS-230, CE-CBS-285, CE-CBS-137, CE-CBS-232"
1788130;manutencao;"2025-03-11 09:00:00";;"2025-03-11 12:34:00";RSL;4;;"Manutenção Preventiva";NÃO;"CE-PSU-062, CE-PSU-055, CE-PSU-056, CE-VRM-088"
1697498;manutencao;"2025-03-11 13:50:00";;"2025-03-11 16:03:00";CDR;24;;"Manutenção Preventiva";NÃO;"EDIFICIO ARVOREDO BLOCO A, EDIFICIO IPE (CDR-S211), FTTA-CDR-1873 - EDIFICIO ARVOREDO BLOCO A, FTTA-CDR-1874 - EDIFICIO ARVOREDO BLOCO B"
1791877;evento;"2025-03-11 16:02:00";;"2025-03-11 18:06:00";RSL;2;;"Causa Não Informada";NÃO;CE-RSL-203
1792196;evento;"2025-03-11 18:00:00";;"2025-03-11 20:26:00";CDR;2;;"Carga Alta";SIM;CE-CDR-1586
1792337;evento;"2025-03-11 19:25:00";;"2025-03-11 20:27:00";RSL;2;;"Carga Alta";SIM;CE-RSL-346
1781329;manutencao;"2025-03-12 05:00:00";;"2025-03-12 05:58:00";VDA;5;;"Manutenção - Melhoria de Rede";NÃO;CE-TZS-091
1777149;manutencao;"2025-03-12 05:00:00";;"2025-03-12 07:01:00";VDA;16;;"Manutenção Preventiva";NÃO;"CE-TZS-103, CE-TZS-141, CE-TZS-107, CE-TZS-106, CE-TZS-109, CE-TZS-110, CE-TZS-111, CE-TZS-112"
1780498;manutencao;"2025-03-12 13:20:00";;"2025-03-12 14:21:00";RSL;15;;"Manutenção Preventiva";NÃO;CE-PSU-A4
1793715;evento;"2025-03-12 17:42:00";;"2025-03-13 11:42:00";RSL;7;;"Carga Alta";NÃO;CE-RSL-910
1793385;evento;"2025-03-12 20:02:00";;"2025-03-13 02:51:00";CDR;55;;"Incêndio em Poste";SIM;"CE-CNV-354, CE-CNV-356, CE-CNV-359, CE-CNV-362, CE-CNV-363, CE-CNV-348, CE-CNV-350, CE-CNV-383, CE-CNV-038, CE-CNV-227, CE-CNV-384, CE-CNV-388, CE-CNV-402, CE-CNV-220, CE-CNV-223, CE-CNV-226, CE-CNV-228, CE-CNV-339, CE-CNV-342, CE-CNV-493, CE-CNV-392, CE-CNV-396, CE-CNV-398, CE-CNV-404, CE-CNV-405, CE-CNV-428"
1722676;manutencao;"2025-03-13 15:00:00";;"2025-03-13 17:27:00";RSL;5;;"Manutenção Preventiva";NÃO;CE-RSL-573
1794772;evento;"2025-03-13 15:20:00";;"2025-03-13 22:51:00";VDA;30;;"Equipamento Queimado";NÃO;"CE-FGO-4938, CE-FGO-4916, CE-FGO-1406, CE-FGO-1405, CE-FGO-1407, CE-FGO-1409, CE-FGO-1571"
1231;manutencao;"2025-03-13 16:18:00";;"2025-03-17 16:21:00";CDR;6;;"Responsabilidade de Terceiros";NÃO;CE-CDR-124
1794981;evento;"2025-03-13 16:39:00";;"2025-03-14 12:52:00";VDA;0;;"Refração na OLT";NÃO;"POP FRAIBURGO VIZA"
1793690;manutencao;"2025-03-14 00:00:00";;"2025-03-14 04:36:00";CDR;14;;"Manutenção - Melhoria de Rede";NÃO;CE-CDR-066
1783470;manutencao;"2025-03-14 00:00:00";;"2025-03-14 03:29:00";ITH;0;;"Manutenção - Melhoria de Rede";NÃO;"CE-ITH-R-25-IT, CE-ITH-R-24-IT"
1763765;manutencao;"2025-03-14 00:00:00";;"2025-03-15 08:01:00";RSL;16;;"Manutenção Preventiva";NÃO;"CE-RSL-D3, CE-RSL-D4, CE-RSL-112, CE-RSL-027, CE-RSL-028"
1430890;manutencao;"2025-03-14 00:00:00";;"2025-03-14 04:26:00";CDR;55;;"Manutenção - Melhoria de Rede";NÃO;"CE-CDR-1346, CE-CDR-1349, CE-CDR-043, CE-CDR-282, CE-CDR-416, CE-CDR-284"
1797114;evento;"2025-03-14 14:26:00";;"2025-03-15 09:49:00";CDR;2;;"Equipamento Travado";NÃO;"GegNET-Seta1 (PLM-S405)"
1797697;evento;"2025-03-14 19:23:00";;"2025-03-14 23:16:00";VDA;14;;"Ativo de Rede";SIM;"CE-FGO-1405, CE-FGO-1406"
1792890;manutencao;"2025-03-15 00:00:00";;"2025-03-15 04:51:00";CDR;1;;"Manutenção - Melhoria de Rede";NÃO;"SACL-S704  GGNET  CORE"
1768173;manutencao;"2025-03-15 00:09:00";;"2025-03-15 07:52:00";RSL;5;;"Manutenção Preventiva";NÃO;"CE-IUP-156, CE-IUP-157, CE-IUP-154, CE-IUP-153, CE-IUP-242, CE-IUP-344, CE-IUP-317"
1744927;manutencao;"2025-03-15 00:20:00";;"2025-03-15 01:47:00";ITH;2;;"Manutenção - Melhoria de Rede";NÃO;"CE-ITH-V-57-IT, CE-ITH-V-58-IT, CE-ITH-V-59-IT, CE-ITH-V-60-IT, CE-ITH-V-61-IT, CE-ITH-V-62-IT, CE-ITH-V-63-IT, CE-ITH-V-64-IT, CE-ITH-V-65-IT"
1797920;manutencao;"2025-03-15 10:05:00";;"2025-03-15 12:40:00";UVA;6;;"Manutenção Preventiva";NÃO;CE-PUF-046
1798896;evento;"2025-03-16 17:59:00";;"2025-03-16 19:52:00";CDR;11;;"Ativo de Rede";SIM;"EDIFÍCIO MERCADO CAÇADOR (CDR-S361)"
1633477;manutencao;"2025-03-17 09:40:00";;"2025-03-17 10:17:00";CDR;22;;"Manutenção Preventiva";NÃO;"EDIFICIO GOLDVILLE (CDR-S53)"
1791878;manutencao;"2025-03-17 13:31:00";;"2025-03-17 16:13:00";CNI;11;;"Manutenção Preventiva";NÃO;CE-ILS-049
1768173;manutencao;"2025-03-18 00:00:00";;"2025-03-18 04:22:00";ITH;5;;"Manutenção - Melhoria de Rede";NÃO;"CE-IUP-156, CE-IUP-157, CE-IUP-242, CE-IUP-154, CE-IUP-153, CE-IUP-344, CE-IUP-317"
1763765;manutencao;"2025-03-18 00:00:00";;"2025-03-18 02:22:00";RSL;16;;"Manutenção - Melhoria de Rede";NÃO;"CE-RSL-D3, CE-RSL-D4, CE-RSL-112, CE-RSL-027, CE-RSL-028"
1798160;manutencao;"2025-03-18 00:00:00";;"2025-03-18 04:23:00";RSL;4;;"Manutenção - Melhoria de Rede";NÃO;"CE-IUP-238, CE-IUP-234, CE-IUP-237, CE-IUP-131, CE-IUP-134, CE-IUP-132, CE-IUP-133"
1801033;evento;"2025-03-18 11:02:00";;"2025-03-18 11:03:00";CDR;17;;"Manutenção Preventiva";NÃO;CE-CDR-487
1801466;evento;"2025-03-18 14:19:00";;"2025-03-18 19:46:00";RSL;8;;"Causa Não Informada";SIM;CE-LOS-088
1801920;evento;"2025-03-18 17:59:00";;"2025-03-18 19:03:00";VDA;4;;"Causa Não Informada";SIM;CE-CNV-173
1802121;evento;"2025-03-18 20:30:00";;"2025-03-19 00:17:00";CDR;16;;"Manutenção Emergencial";SIM;"CE-TOG-001, CE-TOG-002, CE-TOG-003, CE-TOG-004, CE-TOG-005, CE-TOG-006, CE-TOG-007, CE-TOG-008, CE-TOG-011, CE-TOG-009, CE-TOG-015, CE-TOG-014, CE-TOG-012, CE-TOG-016, TOG-S1624  GGNET  SERRINHO"
1802140;evento;"2025-03-18 20:51:00";;"2025-03-19 03:09:00";ITH;0;;"Atenuação de Fibra";SIM;CE-GRV-GA-73D-IT
1192095;manutencao;"2025-03-19 00:00:00";;"2025-03-19 11:24:00";CDR;22;;"Manutenção Preventiva";NÃO;"CE-FGO-996, CE-FGO-1369"
1792632;manutencao;"2025-03-19 00:00:00";;"2025-03-19 05:07:00";UVA;2;;"Manutenção Preventiva";NÃO;CE-UVA-014
1755209;manutencao;"2025-03-19 00:00:00";;"2025-03-19 01:55:00";RSL;22;;"Manutenção - Melhoria de Rede";SIM;"CE-ALY-137, CE-ALY-088, CE-ALY-072, CE-ALY-074, CE-ALY-076, CE-ALY-078"
1700760;manutencao;"2025-03-19 00:00:00";;"2025-03-19 04:40:00";RSL;7;;"Manutenção Preventiva";NÃO;CE-RSL-621
1782205;manutencao;"2025-03-19 03:00:00";;"2025-03-20 10:04:00";CDR;10;;"Manutenção - Melhoria de Rede";NÃO;CE-FGO-996
15700222;manutencao;"2025-03-19 13:40:00";;"2025-03-19 14:25:00";CDR;28;;"Manutenção Preventiva";NÃO;"CE-CDR-063, EDIFICIO VENEZA (CDR-S262)"
1802920;evento;"2025-03-19 14:36:00";;"2025-03-19 18:15:00";RSL;15;;"Carga Alta";NÃO;"CE-IIR-070, CE-IIR-071, CE-IIR-058"
1802936;evento;"2025-03-19 14:40:00";;"2025-03-19 18:14:00";ITH;2;;"Rompimento Parcial";NÃO;"ITH-S1611  ITELFIBRA  POP CENTRAL"
1803268;evento;"2025-03-19 17:30:00";;"2025-03-19 19:00:00";RSL;27;;"Fibra Mal Acomodada";NÃO;"CE-ALY-078, CE-ALY-074, CE-ALY-070, CE-ALY-076, CE-ALY-072, CE-ALY-088, CE-ALY-137, CE-ALY-127"
1754949;manutencao;"2025-03-20 00:00:00";;"2025-03-20 04:18:00";UVA;4;;"Manutenção - Melhoria de Rede";NÃO;CE-UVA-100
1733974;manutencao;"2025-03-20 00:00:00";;"2025-03-20 01:41:00";RSL;8;;"Manutenção - Melhoria de Rede";NÃO;"CE-IIR-D9, CE-IIR-D13"
1723805;manutencao;"2025-03-20 00:00:00";;"2025-03-20 02:56:00";RSL;22;;"Manutenção - Melhoria de Rede";NÃO;"CE-IIR-041, CE-IIR-114, CE-IIR-014, CE-IIR-112, CE-IIR-034, CE-IIR-033, CE-IIR-011, CE-IIR-069"
1803211;manutencao;"2025-03-20 00:00:00";;"2025-03-20 04:17:00";CDR;0;;"Manutenção - Melhoria de Rede";NÃO;"CBS-S1392  GGNET  CORE"
1792991;manutencao;"2025-03-20 00:00:00";;"2025-03-20 04:19:00";ITH;0;;"Manutenção - Melhoria de Rede";NÃO;CE-ITH-347
1794690;manutencao;"2025-03-20 03:00:00";;"2025-03-20 01:57:00";ITH;1;;"Manutenção - Melhoria de Rede";NÃO;CE-ITH-GE-86-IT
1801183;manutencao;"2025-03-20 04:00:00";;"2025-03-20 05:27:00";CDR;0;;"Manutenção - Melhoria de Rede";NÃO;CE-CBS-503
1741334;evento;"2025-03-20 13:59:00";;"2025-03-19 14:00:00";UVA;14;;"Carga alta";SIM;"CE-UVA-1072, CE-UVA-1073, CE-UVA-1069, CE-UVA-1068"
1802558;manutencao;"2025-03-20 14:45:00";;"2025-03-20 20:27:00";CDR;7;;"Manutenção - Melhoria de Rede";NÃO;CE-CDR-1202
1804916;evento;"2025-03-20 19:14:00";;"2025-03-20 19:56:00";ITH;2;;"Atenuação de Fibra";SIM;"CE-ITH-V-42-IT, CE-ITH-V-43-IT, CE-ITH-V-44-IT, CE-ITH-V-44D-IT, CE-ITH-V-45-IT"
1792255;manutencao;"2025-03-21 00:00:00";;"2025-03-21 04:27:00";RSL;55;;"Manutenção Preventiva";NÃO;"CE-RSL-933, CE-RSL-638, CE-RSL-472, CE-RSL-471, CE-RSL-470, CE-RSL-469, CE-RSL-468, CE-RSL-467, CE-RSL-465, CE-RSL-464"
1801062;manutencao;"2025-03-21 00:00:00";;"2025-03-21 06:25:00";CNI;2;;"Manutenção - Melhoria de Rede";NÃO;"CNI-S101  GGNET  CORE"
409559;manutencao;"2025-03-21 00:00:00";;"2025-03-21 01:57:00";RSL;34;;"Manutenção - Melhoria de Rede";SIM;"CE-RSL-1058, CE-RSL-725, CE-RSL-386, CE-RSL-361, CE-RSL-366, CE-RSL-362"
1630087;manutencao;"2025-03-21 00:00:00";;"2025-03-20 15:59:00";CDR;105;;"Manutenção - Melhoria de Rede";SIM;"CE-CDR-1520, CE-CDR-1140, CE-CDR-992, CE-CDR-434, CE-CDR-991, CE-CDR-450, CE-CDR-429, CE-CDR-1594, CE-CDR-807, CE-CDR-428"
1410299;manutencao;"2025-03-21 00:00:00";;"2025-03-21 02:33:00";CDR;0;;"Manutenção - Melhoria de Rede";NÃO;CE-FGO-3046
1787138;manutencao;"2025-03-21 00:00:00";;"2025-03-21 02:04:00";ITH;3;;"Manutenção - Melhoria de Rede";NÃO;"CE-ITH-CE-30D-IT, CE-ITH-PE-13-IT, CE-ITH-PE-12-IT, CE-ITH-C-03D-IT"
1192095;manutencao;"2025-03-21 00:00:00";;"2025-03-21 04:28:00";VDA;14;;"Manutenção - Melhoria de Rede";NÃO;"CE-FGO-996, CE-FGO-3036"
1799419;backbone;"2025-03-21 01:00:00";;"2025-03-22 04:09:00";ITH;6;"
";"Manutenção - Melhoria de Rede";NÃO;"CE-ITH-369, CE-ITH-372, CE-ITH-373, CE-ITH-374, CE-ITH-375, CE-ITH-376, CE-ITH-377, CE-ITH-378, CE-ITH-379, CE-ITH-380, CE-ITH-B-29-IT, CE-ITH-B-31-IT, CE-ITH-B-32-IT, CE-ITH-B-33-IT, CE-ITH-B-34-IT, CE-ITH-010, CE-ITH-B-29D-IT, CE-ITH-B-23-IT, CE-ITH-B-24-IT, CE-ITH-B-25-IT, CE-ITH-B-26-IT, CE-ITH-B-27-IT, CE-ITH-B-28-IT"
1410314;manutencao;"2025-03-21 03:00:00";;"2025-03-21 04:00:00";VDA;11;;"Manutenção - Melhoria de Rede";NÃO;"CE-FGO-3047, CE-FGO-2218C"
1805477;evento;"2025-03-21 11:42:00";;"2025-03-21 14:11:00";CNI;6;;"Insetos na Caixa";NÃO;CE-CNI-657
1641633;manutencao;"2025-03-21 13:56:00";;"2025-03-19 13:56:00";UVA;10;;"Manutenção - Melhoria de Rede";SIM;CE-UVA-075
1805742;evento;"2025-03-21 14:03:00";;"2025-03-21 15:34:00";CNI;109;;"Carga Alta";NÃO;"pop CNI-CENTRO, CE-CNI-237, CE-CNI-283, CE-CNI-1121, CE-CNI-242, CE-CNI-716, CE-CNI-240, CE-CNI-239, CE-CNI-380, CE-CNI-352, CE-CNI-323, CE-CNI-329"
1799805;manutencao;"2025-03-21 14:39:00";;"2025-03-21 18:01:00";UVA;3;;"Manutenção Preventiva";NÃO;"CE-UVA-993, CE-UVA-995, CE-UVA-995"
1806008;evento;"2025-03-21 15:31:00";;"2025-03-21 17:09:00";ITH;2;;"Carga Alta";NÃO;"ITH-S1611  ITELFIBRA  POP CENTRAL"
1792916;manutencao;"2025-03-22 10:08:00";;"2025-03-22 20:06:00";ITH;0;;"Manutenção - Melhoria de Rede";NÃO;CE-ITH-I-24-IT
1804422;manutencao;"2025-03-22 20:04:00";;"2025-03-22 20:05:00";CNI;38;;"Manutenção - Melhoria de Rede";SIM;"CE-CNI-097, CE-CNI-047, CE-CNI-1028, CE-CNI-066, CE-CNI-076, CE-CNI-097"
1807635;evento;"2025-03-23 18:23:00";;"2025-03-23 19:08:00";ITH;2;;"Falta de Energia";NÃO;"ITH-S1611  ITELFIBRA  POP CENTRAL"
1808285;evento;"2025-03-24 11:35:00";;"2025-03-24 15:05:00";CNI;26;;"Carga Alta";NÃO;"CE-CNI-767, CE-CNI-728, CE-CNI-166"
1638517;manutencao;"2025-03-24 16:00:00";;"2025-03-24 20:36:00";UVA;7;;"Manutenção - Melhoria de Rede";NÃO;"Edificio Odete (UVA-S450)"
1809090;evento;"2025-03-24 17:37:00";;"2025-03-24 22:53:00";UVA;19;;"Ativo de Rede";SIM;"PUN-S490  GGNET  FMVV"
1805561;manutencao;"2025-03-25 00:00:00";;"2025-03-25 03:25:00";RSL;19;;"Manutenção - Melhoria de Rede";NÃO;"CE-RSL-1167, CE-RSL-1165, CE-RSL-861, CE-AUK-018, CE-AUK-019, CE-RSL-342, CE-RSL-343, CE-AUK-078, CE-AUK-079, CE-AUK-011, CE-AUK-012, CE-AUK-009, CE-RSL-631, CE-RSL-1165, CE-RSL-861"
1744927;manutencao;"2025-03-25 00:00:00";;"2025-03-25 03:31:00";ITH;2;;"Manutenção - Melhoria de Rede";NÃO;"CE-ITH-V-57-IT, CE-ITH-V-58-IT, CE-ITH-V-59-IT, CE-ITH-V-60-IT, CE-ITH-V-61-IT, CE-ITH-V-62-IT, CE-ITH-V-63-IT, CE-ITH-V-64-IT, CE-ITH-V-65-IT"
1797126;manutencao;"2025-03-25 00:00:00";;"2025-03-25 06:06:00";ITH;2;;"Manutenção - Melhoria de Rede";NÃO;"CE-ITH-V-42-IT, CE-ITH-V-43-IT, CE-ITH-V-44-IT, CE-ITH-V-44D-IT, CE-ITH-V-45-IT"
1769193;manutencao;"2025-03-25 00:00:00";;"2025-03-25 03:30:00";ITH;4;;"Manutenção - Melhoria de Rede";NÃO;"CE-ITH-P-44-IT, CE-ITH-P-45-IT, CE-ITH-P-43-IT, CE-ITH-P-51-IT, CE-ITH-P-51D-IT, CE-ITH-P-54-IT, CE-ITH-P-20-IT, CE-ITH-P-55-IT, CE-ITH-P-16-IT, FTTA-ITH-048 - 1 ANDAR-IT"
1809248;evento;"2025-03-25 01:43:00";;"2025-03-25 13:51:00";CNI;7;;"Manutenção Emergencial";NÃO;"CE-PPV-118, CE-PPV-126, CE-PPV-125"
1781120;manutencao;"2025-03-25 09:30:00";;"2025-03-25 09:40:00";CDR;9;;"Manutenção Preventiva";NÃO;CE-CDR-1213
1805561;manutencao;"2025-03-25 15:00:00";;"2025-03-25 18:04:00";RSL;18;;"Manutenção Preventiva";NÃO;"CE-RSL-861, CE-RSL-1165, CE-RSL-010, CE-RSL-343, CE-RSL-079, CE-RSL-1167, CE-RSL-653, CE-RSL-021, CE-RSL-868"
1810581;evento;"2025-03-25 20:58:00";;"2025-03-26 11:21:00";IRI;6;;"Falha no Splitter de Saída";NÃO;"CE-IRI-GZ D3"
1751284;manutencao;"2025-03-26 00:00:00";;"2025-03-26 01:19:00";CDR;14;;"Manutenção - Melhoria de Rede";NÃO;CE-CDR-483
1732165;manutencao;"2025-03-26 00:00:00";;"2025-03-26 02:51:00";CDR;63;;"Manutenção - Melhoria de Rede";NÃO;"CE-SCC-131, CE-SCC-125, CE-SCC-119, CE-SCC-121, CE-SCC-120, CE-SCC-118, CE-SCC-226, CE-SCC-123, CE-SCC-124, CE-SCC-130, CE-SCC-128, CE-SCC-129"
1796568;manutencao;"2025-03-26 00:00:00";;"2025-03-26 21:16:00";CNI;52;;"Manutenção - Melhoria de Rede";NÃO;"CE-PPV-126, CE-PPV-118, CE-PPV-125, CE-PPV-094, CE-PPV-179, CE-PPV-168, CE-PPV-096, CE-PPV-170, CE-PPV-058, CE-PPV-098, CE-PPV-105, CE-PPV-101, CE-PPV-115, CE-PPV-114"
1713821;manutencao;"2025-03-26 00:12:00";;"2025-03-26 01:00:00";RSL;25;;"Manutenção - Melhoria de Rede";NÃO;"CE-IUP-290, CE-IUP-291, CE-IUP-292, CE-IUP-293, CE-IUP-294, CE-IUP-295, CE-IUP-296, CE-IUP-297, CE-IUP-299, CE-IUP-298"
1803070;manutencao;"2025-03-26 01:00:00";;"2025-03-26 04:31:00";RSL;0;;"Manutenção - Melhoria de Rede";NÃO;CE-ALY-098
1785088;manutencao;"2025-03-26 02:00:00";;"2025-03-26 03:00:00";CDR;15;;"Manutenção - Melhoria de Rede";NÃO;"CE-CDR-1189, CE-CDR-1276, CE-CDR-176"
1678943;manutencao;"2025-03-26 02:52:00";;"2025-03-26 02:53:00";RSL;11;;"Manutenção - Melhoria de Rede";NÃO;"CE-IUP-310, CE-IUP-311, CE-IUP-378"
1805434;manutencao;"2025-03-26 10:00:00";;"2025-03-26 10:49:00";CNI;41;;"Manutenção Preventiva";NÃO;"CE-CNI-846, CE-CNI-753, CE-CNI-506, CE-CNI-496, CE-CNI-505"
1801378;manutencao;"2025-03-27 00:00:00";;"2025-03-27 06:34:00";CNI;36;;"Manutenção - Melhoria de Rede";NÃO;"CE-CNI-813, CE-CNI-814, CE-CNI-812, CE-CNI-837, CE-CNI-836, CE-CNI-835"
1805561;manutencao;"2025-03-27 00:10:00";;"2025-03-27 04:23:00";RSL;12;;"Manutenção - Melhoria de Rede";NÃO;"CE-RSL-861, CE-AUK-019, CE-RSL-343, CE-RSL-078, CE-RSL-012, CE-RSL-010"
1813619;evento;"2025-03-27 10:30:00";;"2025-03-28 09:13:00";ITH;1;;"Atenuação de Fibra";NÃO;"CE-ITH-J-04-IT, CE-ITH-J-05-IT, CE-ITH-J-06-IT, CE-ITH-J-07-IT"
1813311;evento;"2025-03-27 13:55:00";;"2025-03-27 15:55:00";ITH;2;;"Obra de Terceiros";NÃO;"ITH-S1611  ITELFIBRA  POP CENTRAL"
1813909;evento;"2025-03-27 21:59:00";;"2025-03-28 10:37:00";VDA;21;;"Carga Alta";SIM;"CE-VDA-823, CE-VDA-824, CE-VDA-1038"
1813590;manutencao;"2025-03-28 00:00:00";;"2025-03-28 02:09:00";RSL;10;;"Manutenção - Melhoria de Rede";NÃO;"CE-RSL-1018, CE-RSL-222, CE-RSL-1010, CE-RSL-949, CE-RSL-800, CE-RSL-729, CE-RSL-214"
1538726;backbone;"2025-03-28 00:00:00";;"2025-03-28 02:33:00";RSL;0;;"Manutenção Preventiva";NÃO;
1538726;backbone;"2025-03-28 00:00:00";;"2025-03-28 04:45:00";RSL;0;;"Manutenção - Melhoria de Rede";NÃO;"IUP-S1615  GGNET  BELA VISTA"
1814030;evento;"2025-03-28 01:02:00";;"2025-03-28 09:02:00";ITH;0;;"Atenuação de Fibra";NÃO;"CE-ITH-A-21-IT, CE-ITH-A-20-IT, CE-ITH-A-19-IT"
1775363;manutencao;"2025-03-28 03:00:00";;"2025-03-28 06:46:00";CNI;5;;"Manutenção Preventiva";NÃO;CE-CNI-094
1765351;manutencao;"2025-03-28 05:00:00";;"2025-03-28 18:49:00";RSL;11;;"Manutenção - Melhoria de Rede";NÃO;"CE-RSL-152, CE-RSL-153, CE-RSL-150, CE-RSL-147"
1814083;evento;"2025-03-28 09:36:00";;"2025-03-28 16:27:00";CDR;11;;"Erro de Configuração";NÃO;"EDIFICIO PROVINCIA DE GIOIA"
1805311;manutencao;"2025-03-28 09:45:00";;"2025-03-28 11:45:00";RSL;15;;"Manutenção Preventiva";NÃO;"CE-IIR-070, CE-IIR-071, CE-IIR-062, CE-IIR-058"
1814295;evento;"2025-03-28 10:10:00";;"2025-03-28 15:54:00";RSL;1;;"Manutenção Emergencial";NÃO;CE-PSU-056
1815036;evento;"2025-03-28 18:31:00";;"2025-03-29 10:13:00";CNI;2;;"Rompimento Parcial";NÃO;CE-TSB-141
1813727;manutencao;"2025-03-29 00:00:00";;"2025-03-29 03:00:00";CNI;57;;"Manutenção - Melhoria de Rede";NÃO;"CE-CNI-431, CE-CNI-432, CE-CNI-435, CE-CNI-719, CE-CNI-437, CE-CNI-433"
1676776;manutencao;"2025-03-29 00:00:00";;"2025-03-29 03:09:00";RSL;56;;"Manutenção - Melhoria de Rede";NÃO;"CE-RSL-265, CE-RSL-M8, CE-RSL-681, CE-RSL-930, CE-RSL-N3, CE-RSL-N4, CE-RSL-N5, CE-RSL-316, CE-RSL-336, CE-RSL-337, CE-RSL-339, CE-RSL-341, CE-RSL-M9, CE-RSL-1004, CE-RSL-N2, CE-RSL-345, CE-RSL-324, CE-RSL-333, CE-RSL-786"
1814151;manutencao;"2025-03-29 09:00:00";;"2025-03-29 09:25:00";RSL;34;;"Manutenção Preventiva";NÃO;"CE-LOS-316, CE-LOS-044, CE-LOS-042, CE-LOS-040, CE-LOS-029, CE-LOS-306"
1808644;manutencao;"2025-03-29 10:00:00";;"2025-03-29 10:17:00";UVA;27;;"Manutenção Preventiva";NÃO;"CE-PUF-157, CE-PUF-150, CE-PUF-120, CE-PUF-118, CE-PUF-117, CE-PUF-119"
1815460;evento;"2025-03-29 10:12:00";;"2025-03-29 17:48:00";CNI;2;;"Rompimento Parcial";NÃO;"Edificio Antonieta Dallo"
1816151;evento;"2025-03-30 11:34:00";;"2025-03-30 13:37:00";ITH;0;;"Insetos na Caixa";SIM;CE-ITH-026
1816237;evento;"2025-03-30 15:16:00";;"2025-03-30 16:38:00";UVA;5;;"Insetos na Caixa";NÃO;CE-UVA-1300
1816547;evento;"2025-03-31 08:17:00";;"2025-04-01 20:00:00";UVA;15;;"Troca de Poste";SIM;CE-PUF-017
1733297;manutencao;"2025-03-31 13:31:00";;"2025-03-31 16:19:00";VDA;9;;"Manutenção Preventiva";NÃO;CE-FGO-646
1818044;evento;"2025-03-31 19:44:00";;"2025-04-01 17:25:00";CDR;4;;"Equipamento Travado";NÃO;"GegNET-Sao Pedro (CDR-S157)"
1782521;emergencial;"2025-04-01 09:30:00";;"2025-04-01 10:28:00";CDR;10;;"Atenuação de Fibra";NÃO;CE-CDR-894
1212304;emergencial;"2025-04-01 13:30:00";;"2025-04-01 17:37:00";VDA;16;;"Manutenção - Melhoria de Rede";NÃO;"CE-VDA-1478, CE-VDA-236"
1819309;evento;"2025-04-01 14:50:00";;"2025-04-01 17:24:00";VDA;7;;"Cordão Conector";NÃO;CE-VII-3075
1819638;evento;"2025-04-01 17:30:00";;"2025-04-01 19:14:00";CDR;7;;"Ativo de Rede";NÃO;"CDR-S824 RESIDENCIAL MEU LAR BLOCO D imobilizado"
1733967;manutencao;"2025-04-02 00:00:00";;"2025-04-02 00:10:00";CDR;61;;"Manutenção - Melhoria de Rede";NÃO;"CE-CDR-1444, CE-CDR-621, CE-CDR-318, CE-CDR-808, CE-CDR-1025, CE-CDR-1417"
1729408;manutencao;"2025-04-02 02:00:00";;"2025-04-02 01:43:00";CDR;14;;"Manutenção - Melhoria de Rede";NÃO;CE-CDR-234
1672871;manutencao;"2025-04-02 04:00:00";;"2025-04-02 02:36:00";CDR;3;;"Manutenção - Melhoria de Rede";NÃO;CE-CDR-1563
1818062;manutencao;"2025-04-02 09:45:00";;"2025-04-02 11:07:00";RSL;7;;"Manutenção Preventiva";NÃO;CE-AUK-061
1820453;evento;"2025-04-02 10:52:00";;"2025-04-02 17:28:00";CNI;4;;"Carga Alta";NÃO;CE-SCC-220
1820889;emergencial;"2025-04-02 16:30:00";;"2025-04-02 16:52:00";CDR;7;;"Manutenção Preventiva";NÃO;CE-CDR-1788
1821368;evento;"2025-04-02 17:52:00";;"2025-04-02 18:19:00";IRI;1;;"Banco de Baterias";NÃO;"IRI-S1606  GGNET  LAGOA"
1822862;evento;"2025-04-03 14:09:00";;"2025-04-03 20:56:00";VDA;4;;"Carga Alta";SIM;CE-FGO-2053C
1822971;manutencao;"2025-04-03 14:50:00";;"2025-04-03 16:15:00";CDR;8;;"Manutenção Emergencial";SIM;CE-CDR-1221
1822575;manutencao;"2025-04-03 15:00:00";;"2025-04-03 15:24:00";VDA;5;;"Manutenção Emergencial";SIM;CE-TZS-091
1823375;evento;"2025-04-03 17:05:00";;"2025-04-03 18:24:00";VDA;20;;"Atenuação de Fibra";NÃO;CE-TAN-681
1823324;evento;"2025-04-03 17:07:00";;"2025-04-03 19:14:00";UVA;9;;"Troca de Poste";SIM;CE-UVA-154
1823398;evento;"2025-04-03 17:11:00";;"2025-04-03 18:25:00";CNI;6;;"Falta de Energia";SIM;CE-CNI-801
1823482;evento;"2025-04-03 17:47:00";;"2025-04-03 21:04:00";VDA;4;;"Queda de Poste";SIM;"CE-CNI-966, CE-CNI-967"
1731056;manutencao;"2025-04-04 00:00:00";;"2025-04-04 02:35:00";VDA;23;;"Manutenção - Melhoria de Rede";SIM;"CE-FGO-1055, CE-FGO-1035, CE-FGO-1036, CE-FGO-1032, CE-FGO-1036, CE-FGO-1033"
1658957;manutencao;"2025-04-04 00:00:00";;"2025-04-04 02:36:00";RSL;8;;"Manutenção - Melhoria de Rede";NÃO;"CE-RSL-L5, CE-RSL-L1, CE-RSL-L13, CE-RSL-L12, CE-RSL-L11, CE-RSL-925"
1730906;manutencao;"2025-04-04 02:00:00";;"2025-04-04 05:21:00";VDA;24;;"Manutenção - Melhoria de Rede";NÃO;"CE-FGO-1229, CE-FGO-1228"
1822971;manutencao;"2025-04-04 05:00:00";;"2025-04-04 09:29:00";CDR;43;;"Manutenção Preventiva";NÃO;"CE-CDR-303, CE-CDR-310, CE-CDR-1182, CE-CDR-1017"
1819178;manutencao;"2025-04-04 09:30:00";;"2025-04-04 15:47:00";CNI;10;;"Manutenção Preventiva";NÃO;"CE-TSB-014, CE-TSB-019"
1822971;manutencao;"2025-04-04 13:30:00";;"2025-04-04 17:10:00";CDR;21;;"Manutenção Preventiva";NÃO;"CE-CDR-540, CE-CDR-307"
1722676;manutencao;"2025-04-04 15:44:00";;"2025-04-04 15:45:00";RSL;21;;"Manutenção Preventiva";NÃO;"CE-RSL-573, CE-RSL-968, CE-RSL-575, CE-RSL-940, CE-RSL-576"
1732165;manutencao;"2025-04-04 15:46:00";;"2025-04-04 15:46:00";CDR;65;;"Manutenção Preventiva";NÃO;"CE-SCC-125, CE-SCC-119, CE-SCC-121, CE-SCC-120, CE-SCC-118, CE-SCC-226, CE-SCC-123, CE-SCC-124, CE-SCC-131, CE-SCC-130, CE-SCC-128, CE-SCC-129"
1192095;manutencao;"2025-04-04 15:49:00";;"2025-04-04 15:50:00";CDR;7;;"Manutenção Preventiva";NÃO;CE-FGO-996
1506665;manutencao;"2025-04-04 15:49:00";;"2025-04-04 15:49:00";CDR;29;;"Manutenção Preventiva";NÃO;"CE-FGO-1264, CE-FGO-1093, CE-FGO-1105, CE-FGO-1104, CE-FGO-1094"
1825836;manutencao;"2025-04-04 16:07:00";;"2025-04-04 19:24:00";RSL;33;;"Carga Alta";NÃO;"CE-LOS-273, CE-LOS-257, CE-LOS-256, CE-LOS-259, CE-LOS-258, CE-LOS-255, CE-LOS-253"
1825749;emergencial;"2025-04-04 20:31:00";;"2025-04-04 21:06:00";VDA;34;;"Manutenção - Melhoria de Rede";NÃO;"CE-FGO-1229, CE-FGO-1228, CE-FGO-1227, CE-FGO-1149"
1673893;manutencao;"2025-04-05 00:00:00";;"2025-04-05 03:02:00";RSL;23;;"Manutenção Preventiva";NÃO;"CE-RSL-379, CE-RSL-996, CE-RSL-1042, CE-RSL-1043, CE-RSL-1048, CE-RSL-1044, CE-RSL-1046, CE-RSL-1047, CE-RSL-1041"
1826074;evento;"2025-04-05 07:03:00";;"2025-04-05 11:11:00";RSL;2;;"Manutenção - Melhoria de Rede";NÃO;"RSL-S759 GegNET-Torre-Biruta (CUBO)"
1819178;manutencao;"2025-04-05 08:30:00";;"2025-04-05 18:57:00";CNI;10;;"Manutenção - Melhoria de Rede";NÃO;CE-TSB-001
1601202;backbone;"2025-04-05 09:40:00";;"2025-04-05 18:59:00";UVA;0;"PUFXMLL e PUFxPLF";"Manutenção - Melhoria de Rede";NÃO;"PUF-S464  GGNET  CORE"
1826827;evento;"2025-04-05 10:46:00";;"2025-04-05 15:13:00";VDA;11;;"Vandalismo ou Roubo";NÃO;"CE-PHP-3000, CE-PHP-3002"
1827331;evento;"2025-04-05 15:05:00";;"2025-04-05 17:27:00";CDR;3;;"Queda de Poste";SIM;CE-CDR-1530
1827859;evento;"2025-04-06 11:03:00";;"2025-04-06 13:29:00";UVA;6;;"Insetos na Caixa";NÃO;"CE-UVA-1078, CE-UVA-1075, CE-UVA-1081"
1658361;manutencao;"2025-04-07 05:00:00";;"2025-04-07 10:28:00";VDA;70;;"Manutenção Preventiva";NÃO;"CE-IOME-393, CE-IOME-1041, CE-IOME-1425, CE-IOME-1439, CE-IOME-928, CE-IOME-932, CE-IOME-903, CE-IOME-1173, CE-IOME-1175, CE-IOME-1521, CE-IOME-1522"
1829879;evento;"2025-04-07 11:56:00";;"2025-04-07 16:43:00";IRI;9;;"Vandalismo ou Roubo";NÃO;"CE-IRI-AG-A2, CE-IRI-AG-A1"
1822350;manutencao;"2025-04-07 13:30:00";;"2025-04-07 16:19:00";CDR;2;;"Manutenção - Melhoria de Rede";NÃO;CE-CDR-1786
1661966;emergencial;"2025-04-07 14:00:00";;"2025-04-07 19:42:00";VDA;7;;"Manutenção - Melhoria de Rede";NÃO;"CE-IOME-931, CE-IOME-1529"
1830619;evento;"2025-04-07 14:32:00";;"2025-04-07 14:38:00";VDA;6;;"Manutenção - Melhoria de Rede";SIM;CE-ILS-297
1831686;evento;"2025-04-07 18:27:00";;"2025-04-07 22:14:00";UVA;7;;"Problema na Caixa de Emenda";SIM;CE-IES-099
1819023;manutencao;"2025-04-08 00:00:00";;"2025-04-08 02:19:00";CNI;67;;"Manutenção - Melhoria de Rede";NÃO;"CE-CNI-319, CE-CNI-511, CE-CNI-372, CE-CNI-742, CE-CNI-1082, CE-CNI-123, CE-CNI-461"
1819277;manutencao;"2025-04-08 00:00:00";;"2025-04-08 02:17:00";CNI;12;;"Manutenção - Melhoria de Rede";NÃO;CE-CNI-101
1819032;manutencao;"2025-04-08 01:00:00";;"2025-04-08 04:34:00";CNI;22;;"Manutenção - Melhoria de Rede";NÃO;"CE-CNI-914, CE-CNI-913, CE-CNI-915, CE-CNI-912, CE-CNI-872, CE-CNI-914"
1819152;manutencao;"2025-04-08 01:00:00";;"2025-04-08 07:06:00";CNI;8;;"Manutenção Preventiva";NÃO;"CE-CNI-853, CE-CNI-1098, CE-CNI-853, CE-CNI-852"
1819301;manutencao;"2025-04-08 01:00:00";;"2025-04-08 03:45:00";CNI;6;;"Manutenção - Melhoria de Rede";NÃO;"CE-CNI-369, CE-CNI-181"
1814166;manutencao;"2025-04-08 01:30:00";;"2025-04-08 02:26:00";RSL;27;;"Manutenção - Melhoria de Rede";NÃO;"CE-IIR-D13, CE-IIR-D12, CE-IIR-D9, CE-IIR-D8, CE-IIR-D6, CE-IIR-D5, CE-IIR-D4, CE-IIR-D3, CE-IIR-D2, CE-IIR-D1, CE-IIR-136"
1819324;manutencao;"2025-04-08 02:00:00";;"2025-04-08 06:57:00";CNI;42;;"Manutenção Preventiva";NÃO;"CE-CNI-222, CE-CNI-900, CE-CNI-290, CE-CNI-378, CE-CNI-222"
1819236;manutencao;"2025-04-08 03:00:00";;"2025-04-08 05:49:00";CNI;37;;"Manutenção - Melhoria de Rede";NÃO;"CE-CNI-716, CE-CNI-717, CE-CNI-240, CE-CNI-352, CE-CNI-323, CE-CNI-240"
1819411;manutencao;"2025-04-08 04:00:00";;"2025-04-08 02:47:00";CNI;6;;"Manutenção - Melhoria de Rede";NÃO;"CE-CNI-893, CE-CNI-731"
1832397;evento;"2025-04-08 09:10:00";;"2025-04-09 10:21:00";RSL;3;;"Carga Alta";NÃO;CE-RSL-966
1799926;manutencao;"2025-04-08 10:30:00";;"2025-04-08 12:17:00";UVA;15;;"Manutenção Preventiva";NÃO;"CE-UVA-1017, CE-UVA-1048, CE-UVA-1049, CE-UVA-1050, CE-UVA-1051"
1833420;evento;"2025-04-08 13:30:00";;"2025-04-08 17:04:00";CDR;3;;"Equipamento Queimado";NÃO;"GegNET-Posto Lider (PLM-S393)"
1834660;evento;"2025-04-08 23:01:00";;"2025-04-09 00:01:00";VDA;30;;"Falha no GBIC";NÃO;"CE-VDA-1643, CE-VDA-800, CE-VDA-922, CE-VDA-2190C"
1832776;manutencao;"2025-04-09 00:04:00";;"2025-04-10 05:05:00";ITH;0;;"Manutenção - Melhoria de Rede";NÃO;"ITH-S1612  ITELFIBRA  POP ENGENHEIRO"
1834758;evento;"2025-04-09 06:52:00";;"2025-04-09 10:42:00";UVA;4;;"Vandalismo ou Roubo";NÃO;"CE-UVA-1274, CE-UVA-1280, CE-UVA-1263, CE-UVA-1412"
1830616;manutencao;"2025-04-09 13:30:00";;"2025-04-09 15:17:00";CDR;8;;"Manutenção - Melhoria de Rede";NÃO;CE-CDR-951
1822971;emergencial;"2025-04-09 13:30:00";;"2025-04-09 20:28:00";CDR;15;;"Manutenção Preventiva";NÃO;CE-CDR-1240
1835814;evento;"2025-04-09 14:24:00";;"2025-04-09 20:02:00";RSL;2;;"Insetos na Caixa";SIM;CE-IIR-032
1650501;manutencao;"2025-04-10 06:00:00";;"2025-04-10 09:54:00";VDA;12;;"Manutenção Preventiva";NÃO;"CE-SCC-065, CE-SCC-098"
1837094;evento;"2025-04-10 08:32:00";;"2025-04-10 17:20:00";RSL;3;;"Banco de Baterias";NÃO;"AUK-S302 GegNET-Velho-Barbudo (CUBO)"
1819301;manutencao;"2025-04-10 09:00:00";;"2025-04-10 11:04:00";CNI;6;;"Manutenção Preventiva";NÃO;"CE-CNI-369, CE-CNI-181"
1837311;evento;"2025-04-10 09:34:00";;"2025-04-10 14:42:00";CNI;29;;"Troca de Poste";NÃO;"CE-CNV-421, CE-CNV-051, CE-CNV-043, CE-CNV-045, CE-CNV-054, CE-CNV-041, CE-CNV-173, CE-CNV-066, CE-CNV-061, CE-CNV-063, CE-CNV-060, CE-CNV-049, CE-CNV-058, CE-CNV-057, CE-CNV-048"
1838214;manutencao;"2025-04-10 11:12:00";;"2025-04-10 14:45:00";VDA;4;;"Manutenção Emergencial";NÃO;CE-TZS-046
1837785;evento;"2025-04-10 11:34:00";;"2025-04-10 13:13:00";CNI;14;;"Carga Alta";NÃO;"CE-CNI-804, CE-CNI-801"
1837823;evento;"2025-04-10 11:44:00";;"2025-04-10 15:01:00";UVA;4;;"Rompimento Parcial";NÃO;CE-PUF-015
1833713;manutencao;"2025-04-10 13:30:00";;"2025-04-10 15:01:00";CNI;2;;"Manutenção Preventiva";NÃO;CE-PPV-019
1838214;evento;"2025-04-10 14:45:00";;"2025-04-10 17:58:00";VDA;4;;"Vandalismo ou Roubo";NÃO;CE-TZS-046
1838467;evento;"2025-04-10 15:43:00";;"2025-04-10 16:16:00";IRI;3;;"Rompimento Parcial";NÃO;CE-IRI-RB-A4
1820746;manutencao;"2025-04-11 00:00:00";;"2025-04-11 14:40:00";CDR;3;;"Manutenção Preventiva";NÃO;"CE-CDR-1358, CE-CDR-183"
1808509;manutencao;"2025-04-11 00:00:00";;"2025-04-11 05:07:00";UVA;65;;"Manutenção - Melhoria de Rede";NÃO;"CE-PUF-146, CE-PUF-137, CE-PUF-079, CE-PUF-104, CE-PUF-107, CE-PUF-092, CE-PUF-102, CE-PUF-122"
1674123;manutencao;"2025-04-11 01:00:00";;"2025-04-11 03:44:00";RSL;14;;"Manutenção - Melhoria de Rede";NÃO;"CE-RSL-374, CE-RSL-372"
1819396;manutencao;"2025-04-11 03:00:00";;"2025-04-11 00:35:00";CNI;49;;"Manutenção - Melhoria de Rede";NÃO;"CE-CNI-1059, CE-CNI-289, CE-CNI-269, CE-CNI-271, CE-CNI-288, CE-CNI-270"
1839420;emergencial;"2025-04-11 03:18:00";;"2025-04-11 10:53:00";VDA;7;;"Atenuação de Fibra";NÃO;CE-VDA-2165C
1365986;manutencao;"2025-04-11 06:00:00";;"2025-04-11 14:26:00";VDA;13;;"Manutenção - Melhoria de Rede";NÃO;CE-FGO-402
1839678;evento;"2025-04-11 09:20:00";;"2025-04-11 14:24:00";RSL;24;;"Falta de Energia";NÃO;"RSL-S772 CAPELA FUNIL (CUBO), LOS-S001 GegNET-Dona-Paula-1, LOS-S003 GegNET-Dona-Paula-3, Fundo-Bela-Alianca-1 (Cubo), RSL-S769 Fundo-Bela-Alianca-2 (CUBO), RSL-S770 Fundo-Bela-Alianca-3 (CUBO)"
1840243;evento;"2025-04-11 13:23:00";;"2025-04-11 17:53:00";ITH;14;;"Manutenção Não Informada";SIM;"CE-CBS-353, CE-CBS-230, CE-CBS-285, CE-CBS-199, CE-CBS-123, CE-CBS-196, CE-CBS-202, CE-CBS-201"
1840767;evento;"2025-04-11 18:02:00";;"2025-04-11 19:56:00";RSL;2;;"Fibra Mal Acomodada";NÃO;CE-IIR-047
1840978;evento;"2025-04-11 20:21:00";;"2025-04-12 04:41:00";ITH;0;;"Rompimento Parcial";NÃO;CE-GRV-030-IT
1841755;evento;"2025-04-12 15:16:00";;"2025-04-12 21:24:00";UVA;30;;"Carga Alta";SIM;"CE-PUF-102, CE-PUF-122, CE-PUF-148, CE-PUF-146, CE-PUF-147"
1842005;evento;"2025-04-13 09:02:00";;"2025-04-14 09:37:00";RSL;3;;"Banco de Baterias";NÃO;"AUK-S302 GegNET-Velho-Barbudo (CUBO)"
1830522;manutencao;"2025-04-14 09:00:00";;"2025-04-14 17:49:00";CNI;96;;"Manutenção Preventiva";NÃO;"CE-CNI-438, CE-CNI-756, CE-CNI-464, CE-CNI-099, CE-CNI-636, CE-CNI-438, CE-CNI-144, CE-CNI-746, CE-CNI-141"
1838275;manutencao;"2025-04-14 09:00:00";;"2025-04-14 11:42:00";UVA;14;;"Manutenção Preventiva";NÃO;"CE-PUF-100, CE-PUF-127, CE-PUF-124, CE-PUF-125, CE-PUF-126"
1838322;manutencao;"2025-04-14 13:30:00";;"2025-04-14 18:25:00";CDR;22;;"Manutenção Preventiva";NÃO;CE-CDR-684
1212304;manutencao;"2025-04-14 14:36:00";;"2025-04-14 18:13:00";VDA;15;;"Manutenção Preventiva";NÃO;"CE-VDA-236, CE-VDA-1478"
1843604;evento;"2025-04-14 16:40:00";;"2025-04-14 17:11:00";UVA;6;;"Insetos na Caixa";NÃO;"CE-UVA-1314, CE-UVA-1315"
1843936;emergencial;"2025-04-14 20:24:00";;"2025-04-14 21:44:00";ITH;1;;"Falha no GBIC";SIM;"ITH-S1614  ITELFIBRA  POP PONTAL"
1549571;manutencao;"2025-04-15 00:00:00";;"2025-04-15 12:15:00";VDA;52;;"Manutenção Emergencial";NÃO;"CE-FGO-3075, CE-FGO-1408, CE-FGO-1403, CE-FGO-1404, CE-FGO-1406, CE-FGO-4926"
1810579;manutencao;"2025-04-15 00:00:00";;"2025-04-15 00:45:00";CDR;71;;"Manutenção - Melhoria de Rede";NÃO;"CE-CDR-1090, CE-CDR-1104, CE-CDR-591, CE-CDR-1227, CE-CDR-607, CE-CDR-1153, CE-CDR-1152"
1733401;manutencao;"2025-04-15 00:00:00";;"2025-04-15 09:46:00";CDR;44;;"Manutenção Preventiva";NÃO;"CE-CDR-1393, CE-CDR-433, CE-CDR-871"
1842698;manutencao;"2025-04-15 09:00:00";;"2025-04-15 12:15:00";CNI;40;;"Manutenção Preventiva";NÃO;"CE-CNI-836, CE-CNI-835, CE-CNI-837, CE-CNI-812, CE-CNI-814, CE-CNI-813"
1799871;manutencao;"2025-04-15 09:30:00";;"2025-04-15 17:27:00";UVA;16;;"Manutenção Preventiva";NÃO;"CE-UVA-993, CE-UVA-995, CE-UVA-992, CE-UVA-983, CE-UVA-980, CE-UVA-981, CE-UVA-982, CE-UVA-100, CE-UVA-999, CE-UVA-998"
1844717;evento;"2025-04-15 11:33:00";;"2025-04-15 15:21:00";CNI;2;;"Vandalismo ou Roubo";NÃO;CE-CDR-1231
1845762;evento;"2025-04-16 05:45:00";;"2025-04-16 09:35:00";CNI;3;;"Insetos na Caixa";NÃO;CE-SSL-540
1658957;manutencao;"2025-04-16 09:00:00";;"2025-04-16 13:26:00";RSL;12;;"Manutenção Preventiva";NÃO;CE-RSL-633
1779555;manutencao;"2025-04-16 10:24:00";;"2025-04-16 11:32:00";ITH;14;;"Manutenção Emergencial";NÃO;CE-ITH-V-44D-IT
1846400;evento;"2025-04-16 13:17:00";;"2025-04-16 16:54:00";VDA;3;;"Atenuação de Fibra";NÃO;"EDIFICIO MORADA DO SOL"
1847074;evento;"2025-04-16 18:40:00";;"2025-04-17 10:55:00";VDA;5;;"Equipamento Travado";NÃO;"EDIFICIO ILHA CRETA"
1847121;emergencial;"2025-04-16 19:14:00";;"2025-04-16 21:27:00";ITH;52;;"Refração na OLT";SIM;"CE-ITH-V-41-IT, CE-ITH-V-40-IT, CE-ITH-V-38-IT, CE-ITH-V-39-IT, CE-ITH-V-35-IT"
1847368;emergencial;"2025-04-17 00:14:00";;"2025-04-17 10:55:00";IRI;4;;"Rompimento Parcial";NÃO;"CE-IRI-GV D4"
1830522;manutencao;"2025-04-17 08:00:00";;"2025-04-17 13:46:00";CNI;14;;"Manutenção - Melhoria de Rede";NÃO;CE-CNI-141
1847732;evento;"2025-04-17 10:04:00";;"2025-04-17 13:46:00";UVA;23;;"Carga Alta";NÃO;"CE-PUF-150, CE-PUF-120, CE-PUF-117, CE-PUF-118, CE-PUF-119"
1847742;evento;"2025-04-17 10:12:00";;"2025-04-17 11:43:00";CDR;10;;"Carga Alta";NÃO;CE-CDR-659
1805971;manutencao;"2025-04-17 14:20:00";;"2025-04-18 06:56:00";UVA;34;;"Manutenção Preventiva";NÃO;"CE-PUF-038, CE-PUF-119, CE-PUF-118, CE-PUF-117, CE-PUF-120, CE-PUF-150, CE-PUF-157, CE-PUF-119"
1848861;evento;"2025-04-17 19:13:00";;"2025-04-17 23:20:00";CDR;8;;"Carga Alta";NÃO;CE-SCC-127
1847074;evento;"2025-04-17 20:02:00";;"2025-04-17 20:42:00";VDA;6;;"Falha na Fonte do Equipamento";NÃO;"EDIFICIO ILHA CRETA"
1849811;emergencial;"2025-04-18 23:24:00";;"2025-04-19 08:49:00";IRI;1;;"Carga Alta";NÃO;CE-IRI-CT-E2/3
1849881;emergencial;"2025-04-19 06:38:00";;"2025-04-19 08:47:00";CDR;37;;"Vandalismo ou Roubo";NÃO;"Edifício Luhrs (CDR-S251), Edificio Bau Esportes (CDR-S397), EDIFICIO RIO CAÇADOR (CDR-S241) FTTA, EDIFICIO PARAISO (CDR-S203), CONDOMINIO RESIDENCIAL BELA VISTA (CDR-S259), Edifício Turatti (CDR-S220), Edifício Dona Martha (CDR-S196) FTTA, EDIFICIO MUNICH (CDR-S54), FTTA-CDR-1801 - EDIFICIO JUPITER"
1850420;evento;"2025-04-19 13:45:00";;"2025-04-19 15:58:00";CDR;7;;"Cordão Conector";NÃO;"Ed Juscelino Sao Cristovao"
1850437;evento;"2025-04-19 14:17:00";;"2025-04-19 18:10:00";RSL;24;;"Falta de Energia";NÃO;"AUK-S728  GGNET  PONSONI"
1850469;evento;"2025-04-19 14:55:00";;"2025-04-19 18:27:00";VDA;5;;"Carga Alta";NÃO;CE-IBAN-826
1850526;evento;"2025-04-19 16:35:00";;"2025-04-19 21:54:00";VDA;30;;"Vandalismo ou Roubo";NÃO;"CE-FGO-1088, CE-FGO-750, CE-FGO-1391, CE-FGO-1341, CE-FGO-879, CE-FGO-747, CE-FGO-1039"
1850526;evento;"2025-04-19 16:35:00";;"2025-04-19 16:39:00";VDA;30;;"Manutenção - Melhoria de Rede";NÃO;"CE-FGO-1088, CE-FGO-750, CE-FGO-1391, CE-FGO-1341, CE-FGO-879, CE-FGO-747, CE-FGO-1039"
1850437;evento;"2025-04-19 20:55:00";;"2025-04-20 19:45:00";RSL;33;;"Falta de Energia";SIM;"AUK-S728  GGNET  PONSONI, AUK-S302 GegNET-Velho-Barbudo (CUBO), AUK-S GegNET-Chapadao-Nova-Italia, AUK-S227 GegNET-Reta-Cobra-Sul (CUBO)"
1820116;manutencao;"2025-04-20 10:00:00";;"2025-04-02 11:08:00";ITH;14;;"Manutenção Preventiva";NÃO;CE-ITH-P-57-IT
1850938;manutencao;"2025-04-20 18:00:00";;"2025-04-21 03:58:00";ITH;20;;"Manutenção - Melhoria de Rede";SIM;"CE-ITH-V-62-IT, CE-ITH-V-63-IT, CE-ITH-V-64-IT, CE-ITH-V-65-IT, CE-ITH-V-65D-IT"
1850987;emergencial;"2025-04-21 07:00:00";;"2025-04-20 23:58:00";CNI;2;;"Carga Alta";SIM;CE-MOT-011
1851033;emergencial;"2025-04-21 07:00:00";;"2025-04-21 20:11:00";RSL;5;;"Manutenção Emergencial";NÃO;"AUK-S227 GegNET-Reta-Cobra-Sul (CUBO), AUK-S228 GegNET-Tifa-Italiano (CUBO)"
1851045;emergencial;"2025-04-21 07:00:00";;"2025-04-21 09:15:00";CNI;7;;"Emenda Malfeita";NÃO;CE-SSL-103
1851228;evento;"2025-04-21 10:07:00";;"2025-04-21 11:56:00";RSL;23;;"Atenuação de Fibra";NÃO;"CE-SSL-478, CE-SSL-487, CE-SSL-490, CE-SSL-492, CE-SSL-484, CE-SSL-485"
1851256;evento;"2025-04-21 10:29:00";;"2025-04-21 12:19:00";CDR;9;;"Problema na Caixa de Emenda";SIM;"FTTA-CDR-1351 - NINA"
1851513;evento;"2025-04-21 14:59:00";;"2025-04-21 18:26:00";RSL;25;;"Atenuação de Fibra";NÃO;"CE-RSL-990, CE-RSL-676, CE-RSL-374, CE-RSL-366, CE-RSL-679, CE-RSL-674"
1851565;evento;"2025-04-21 16:20:00";;"2025-04-21 18:26:00";CDR;23;;"Falha no Equipamento Rádio";NÃO;"GegNET-LCastelli (CDR-S398), GegNET-MTorres (CDR-S123)"
1819178;manutencao;"2025-04-22 05:00:00";;"2025-04-22 06:48:00";CNI;24;;"Manutenção Preventiva";NÃO;"CE-TSB-006, CE-TSB-002, CE-TSB-019"
1843248;manutencao;"2025-04-22 06:00:00";;"2025-04-22 08:57:00";VDA;13;;"Manutenção Preventiva";NÃO;"CE-PHP-241, CE-PHP-399"
1844159;manutencao;"2025-04-22 08:30:00";;"2025-04-22 09:33:00";RSL;22;;"Manutenção Preventiva";NÃO;"CE-RSL-L5, CE-RSL-925, CE-RSL-L9, CE-RSL-L8, CE-RSL-L7, CE-RSL-L6, CE-RSL-L4, CE-RSL-L3"
1821762;manutencao;"2025-04-22 08:30:00";;"2025-04-22 11:20:00";IRI;0;;"Manutenção Preventiva";NÃO;CE-IRI-DR-C7
1852212;evento;"2025-04-22 09:12:00";;"2025-04-22 12:02:00";CNI;3;;"Manutenção Preventiva";NÃO;CE-SCC-227
1835099;manutencao;"2025-04-22 09:46:00";;"2025-04-22 09:55:00";CDR;47;;"Manutenção Preventiva";NÃO;"PRAÇA DE ALIMENTAÇÃO DO VIA ATACADISTA, CE-CDR-1644, CE-CDR-107, CE-CDR-142, CE-CDR-1162, CE-CDR-261, CE-CDR-361"
1852460;evento;"2025-04-22 10:07:00";;"2025-04-22 11:50:00";RSL;78;;"Carga Alta";NÃO;"CE-RSL-362, CE-RSL-361, CE-RSL-360, CE-RSL-359, CE-RSL-725, CE-RSL-366, CE-RSL-358, CE-RSL-431, CE-RSL-386, CE-RSL-371, CE-RSL-370, CE-RSL-610, CE-RSL-963, CE-RSL-720, CE-RSL-367"
1841395;manutencao;"2025-04-22 11:00:00";;"2025-04-22 17:24:00";IRI;0;;"Manutenção Preventiva";NÃO;CE-IRI-AG-L3/L4
1852771;evento;"2025-04-22 11:11:00";;"2025-04-22 17:23:00";CNI;31;;"Vandalismo ou Roubo";NÃO;"pop-canoinhas, TSB-S697  GGNET  CAMPININHA, CE-CNI-916, CE-CNI-918, CE-CNI-917, CE-CNI-012"
1853722;evento;"2025-04-22 17:48:00";;"2025-04-22 19:55:00";RSL;17;;"Manutenção Emergencial";SIM;"CE-RSL-916, CE-RSL-917, CE-RSL-918, RSL-S746  GGNET  SERRA CANOAS, RSL-S742 Serra-Laurentino (CUBO), GegNET-Serra-Canoas-3, RSL-S741 Serra-Laurentino-2 (CUBO)"
1848406;manutencao;"2025-04-23 08:00:00";;"2025-04-23 10:30:00";CDR;16;;"Manutenção Preventiva";NÃO;"CE-CDR-1396, CE-CDR-1214"
1852557;manutencao;"2025-04-23 09:00:00";;"2025-04-23 14:42:00";UVA;27;;"Manutenção Preventiva";NÃO;"CE-UVA-575, CE-UVA-576, CE-UVA-577, CE-UVA-579, CE-UVA-584, CE-UVA-587, CE-UVA-588, CE-UVA-1339, CE-UVA-598, CE-UVA-599, CE-UVA-584"
1854676;evento;"2025-04-23 09:14:00";;"2025-04-23 13:17:00";RSL;48;;"Carga Alta";NÃO;"CE-RSL-114, CE-RSL-113, CE-RSL-1003, CE-RSL-692, CE-RSL-215, CE-RSL-242, CE-RSL-978, CE-RSL-092, CE-RSL-083, CE-RSL-083, CE-RSL-1139, CE-RSL-100, CE-RSL-102, CE-RSL-103, CE-RSL-104, CE-RSL-304, CE-RSL-306, CE-RSL-265, CE-RSL-301, CE-RSL-307"
1850164;manutencao;"2025-04-23 09:30:00";;"2025-04-23 12:52:00";CNI;3;;"Manutenção Preventiva";NÃO;CE-ILS-296
1855105;evento;"2025-04-23 12:28:00";;"2025-04-23 17:12:00";VDA;21;;"Carga Alta";NÃO;"CE-VDA-730, CE-VDA-792, CE-VDA-791, CE-VDA-790, CE-VDA-789"
1846108;manutencao;"2025-04-23 14:00:00";;"2025-04-23 17:13:00";UVA;7;;"Manutenção Preventiva";NÃO;CE-UVA-615
1855112;evento;"2025-04-23 14:48:00";;"2025-04-23 17:11:00";VDA;19;;"Cordão Conector";NÃO;CE-VDA-323
1744689;manutencao;"2025-04-23 15:20:00";;"2025-04-24 08:01:00";IRI;6;;"Manutenção Preventiva";NÃO;CE-IRI-CT-B2
1853844;manutencao;"2025-04-24 00:00:00";;"2025-04-24 06:02:00";CDR;5;;"Manutenção - Melhoria de Rede";NÃO;"CE-CBS-030, CE-CBS-033"
1606636;manutencao;"2025-04-24 01:00:00";;"2025-04-24 01:40:00";IRI;21;;"Manutenção - Melhoria de Rede";NÃO;"TXR-S1595  GGNET  CORE - TEIXEIRA, TXR-S1620  GGNET  GUARAUNA"
1839974;manutencao;"2025-04-24 08:00:00";;"2025-04-24 08:31:00";CDR;2;;"Manutenção - Melhoria de Rede";NÃO;"CE-CBS-506, CE-CBS-149, CE-CBS-153, CE-CBS-507"
1805469;manutencao;"2025-04-24 09:00:00";;"2025-04-23 12:39:00";IRI;0;;"Manutenção Preventiva";NÃO;"CE-IRI-AP F6"
1857026;evento;"2025-04-24 15:34:00";;"2025-04-24 17:24:00";ITH;0;;Roedores;NÃO;"GRV-S1704  ITELFIBRA  POP GARUVA"
1848286;manutencao;"2025-04-25 00:00:00";;"2025-04-25 03:09:00";CDR;81;;"Manutenção - Melhoria de Rede";NÃO;"CE-CDR-1152, CE-CDR-1153, CE-CDR-368, CE-CDR-591, CE-CDR-1023, CE-CDR-1104, CE-CDR-1090"
1848255;manutencao;"2025-04-25 00:00:00";;"2025-04-25 05:21:00";CDR;39;;"Manutenção - Melhoria de Rede";NÃO;"CE-CDR-503, CE-CDR-884, CE-CDR-1187, CE-CDR-987, CE-CDR-900, CE-CDR-444, CE-CDR-1014, CE-CDR-1391, CE-CDR-1081"
1858421;evento;"2025-04-25 00:20:00";;"2025-04-25 11:54:00";CDR;4;;"Erro de Configuração";NÃO;GegNET-Rio-Bugre
1855764;manutencao;"2025-04-25 01:00:00";;"2025-04-24 08:05:00";UVA;0;;"Manutenção Preventiva";NÃO;"PUF-S464  GGNET  CORE"
1761381;manutencao;"2025-04-25 02:00:00";;"2025-04-25 06:36:00";CDR;43;;"Manutenção Preventiva";NÃO;"FTTA-CDR-1419 - MAX LUHRS, FTTA-CDR-1420 - MAX LUHRS, FTTA-CDR-1316 - COLUSSI, FTTA-CDR-1368 - SORELA, FTTA-CDR-1301 - GUNTHER MAX HELLER, FTTA-CDR-1302 - GUNTHER MAX HELLER"
1858461;evento;"2025-04-25 03:12:00";;"2025-04-25 19:04:00";CDR;2;;"Falha na Fonte do Equipamento";NÃO;"GegNET-Brusco (CDR-S159)"
1858559;evento;"2025-04-25 07:17:00";;"2025-04-25 10:27:00";IRI;1;;"Vandalismo ou Roubo";NÃO;"IRI-S1607  GGNET  GUTIERREZ"
1858594;evento;"2025-04-25 07:43:00";;"2025-04-25 08:57:00";VDA;21;;"Carga Alta";NÃO;"CE-FGO-774, CE-FGO-1294, CE-FGO-825, CE-FGO-797, CE-FGO-4050"
1792107;manutencao;"2025-04-25 10:00:00";;"2025-04-25 19:32:00";IRI;7;;"Manutenção Preventiva";NÃO;CE-IRI-MT-A2
1858863;evento;"2025-04-25 10:31:00";;"2025-04-25 11:50:00";CDR;41;;"Fibra Mal Acomodada";NÃO;"CE-CDR-1641, CE-CDR-1650, CE-CDR-1808, CE-CDR-1649, CE-CDR-506, CE-CDR-215, CE-CDR-401"
1860555;evento;"2025-04-26 04:02:00";;"2025-04-26 10:41:00";IRI;45;;"Carga Alta";SIM;"CE-IRI-AP-B5/6, CE-IRI-GZ-E1, CE-IRI-GZ-E3, CE-IRI-GZ-C5, CE-IRI-GZ-C4, CE-IRI-GZ-G2, CE-IRI-GZ-G1, CE-IRI-GZ-H2, CE-IRI-GZ-H3, CE-IRI-GZ-G4"
1860555;evento;"2025-04-26 11:40:00";;"2025-04-26 20:56:00";IRI;6;;"Carga Alta";SIM;"CE-IRI-FL D4"
1861860;evento;"2025-04-27 17:52:00";;"2025-04-27 20:37:00";UVA;14;;"Insetos na Caixa";SIM;CE-UVA-116
1728556;manutencao;"2025-04-28 00:00:00";;"2025-04-28 06:24:00";CDR;146;;"Manutenção - Melhoria de Rede";SIM;"CE-CDR-650, CE-CDR-1642, CE-CDR-070, CE-CDR-250, CE-CDR-249, CE-CDR-072, CE-CDR-268, CE-CDR-1825, CE-CDR-1151, CE-CDR-1836, CE-CDR-1837, CE-CDR-1056, CE-CDR-612, CE-CDR-141, FTTA-CDR-1230 - SERAFINA BERTO, FTTA-CDR-1229 - SERAFINA BERTO, CE-CDR-661"
1847722;manutencao;"2025-04-28 10:30:00";;"2025-04-28 11:11:00";CDR;24;;"Manutenção Preventiva";NÃO;"CE-CDR-1372, CE-CDR-327, CE-CDR-267"
1863910;evento;"2025-04-28 16:05:00";;"2025-04-28 19:06:00";RSL;2;;"Carga Alta";SIM;CE-RSL-1080
1864325;evento;"2025-04-28 18:01:00";;"2025-04-28 19:41:00";RSL;108;;"Carga Alta";SIM;"CE-RSL-1177, CE-RSL-371, CE-RSL-370, CE-RSL-883, CE-RSL-610, CE-RSL-963, CE-RSL-716, CE-RSL-361, CE-RSL-1058, CE-RSL-431, CE-RSL-366, CE-RSL-362, CE-RSL-725, CE-RSL-386, CE-RSL-360, CE-RSL-727, CE-RSL-380, CE-RSL-364, CE-RSL-990, CE-RSL-374, CE-RSL-693, CE-RSL-264"
1584598;manutencao;"2025-04-29 00:00:00";;"2025-04-29 06:32:00";CDR;21;;"Manutenção - Melhoria de Rede";SIM;CE-CDR-300
1853644;manutencao;"2025-04-29 01:00:00";;"2025-04-29 06:32:00";ITH;0;;"Manutenção - Melhoria de Rede";SIM;CE-ITH-406
1864855;evento;"2025-04-29 06:32:00";;"2025-04-29 11:00:00";RSL;8;;"Falta de Energia";NÃO;"CENE-S001 GegNET-Cerro-Negro, ITU-S731 POP CUBO ITUPORANGA, GegNET-Torre-Ituporanga-Nova"
1865046;evento;"2025-04-29 09:04:00";;"2025-04-29 12:57:00";ITH;18;;"Vandalismo ou Roubo";NÃO;"CE-ITH-CTO-31-IT, CE-ITH-CTO-30-IT"
1863653;manutencao;"2025-04-29 09:20:00";;"2025-04-29 11:04:00";CNI;10;;"Manutenção Preventiva";NÃO;CE-CNI-722
1865636;evento;"2025-04-29 13:20:00";;"2025-04-29 16:28:00";ITH;20;;"Rompimento Parcial";NÃO;"CE-ITH-SB-01-IT, CE-ITH-SB-02-IT"
1865714;evento;"2025-04-29 14:07:00";;"2025-04-29 18:33:00";ITH;11;;"Rompimento Parcial";NÃO;"CE-GRV-GA-80-IT, CE-GRV-GA-81-IT"
1866120;evento;"2025-04-29 16:48:00";;"2025-04-29 18:05:00";CNI;5;;"Troca de Poste";NÃO;CE-ILS-138
1866105;evento;"2025-04-29 17:09:00";;"2025-04-29 18:53:00";CDR;4;;"Atenuação de Fibra";SIM;"Edificio Solar Araucária (CDR-S366)"
1866199;evento;"2025-04-29 17:30:00";;"2025-04-29 21:30:00";CDR;13;;"Erro de Configuração";SIM;"EDIFICIO IPE (CDR-S211)"
1855764;manutencao;"2025-04-30 00:00:00";;"2025-04-30 07:03:00";UVA;1;;"Manutenção - Melhoria de Rede";NÃO;CE-PUF-035
1845389;manutencao;"2025-04-30 09:30:00";;"2025-04-30 10:45:00";VDA;24;;"Manutenção Preventiva";NÃO;"CE-VDA-443, CE-VII-3077, FTTA-VII-1536 - REAL"
1696139;emergencial;"2025-04-30 10:18:00";;"2025-04-30 11:30:00";IRI;1;;"Manutenção Preventiva";NÃO;"CE-IRI-VV A1"
1867082;evento;"2025-04-30 11:12:00";;"2025-04-30 12:58:00";CDR;15;;"Problema na Caixa de Emenda";NÃO;CE-CDR-1049
1867221;evento;"2025-04-30 12:20:00";;"2025-04-30 16:49:00";CDR;4;;"Carga Alta";NÃO;CE-CBS-454
1853461;manutencao;"2025-04-30 14:00:00";;"2025-04-30 14:53:00";CDR;1;;"Manutenção Preventiva";NÃO;CE-CBS-255
1857315;manutencao;"2025-04-30 15:20:00";;"2025-04-30 16:37:00";RSL;3;;"Manutenção Preventiva";NÃO;"CE-PSU-056, CE-PSU-055"
1816606;emergencial;"2025-04-30 15:26:00";;"2025-04-30 17:33:00";CDR;27;;"Manutenção Emergencial";NÃO;"CE-CDR-234, CE-CDR-692"
1857315;manutencao;"2025-04-30 15:30:00";;"2025-04-30 15:33:00";RSL;3;;"Manutenção Preventiva";NÃO;"CE-PSU-055, CE-PSU-056"
1867690;evento;"2025-04-30 15:54:00";;"2025-04-30 17:14:00";VDA;9;;"Equipamento Queimado";NÃO;"EDIFICIO CONDOR"
1865636;emergencial;"2025-04-30 16:30:00";;"2025-04-30 17:45:00";ITH;20;;"Manutenção Preventiva";NÃO;"CE-ITH-SB-01-IT, CE-ITH-SB-02-IT"
1868174;evento;"2025-04-30 22:16:00";;"2025-05-01 02:36:00";VDA;16;;"Refração na OLT";SIM;"CE-PHP-246, CE-PHP-C4739"
1868607;evento;"2025-05-01 18:26:00";;"2025-05-01 21:05:00";RSL;20;;"Carga Alta";SIM;"CE-AUK-175, CE-AUK-164, CE-AUK-165, CE-AUK-028, CE-AUK-163"
1614522;manutencao;"2025-05-02 00:00:00";;"2025-05-02 05:42:00";CDR;36;;"Manutenção - Melhoria de Rede";NÃO;"CE-CDR-245, CE-CDR-239, CE-CDR-153, CE-CDR-033, CE-CDR-1578"
1805971;manutencao;"2025-05-02 00:00:00";;"2025-05-02 01:37:00";UVA;34;;"Manutenção - Melhoria de Rede";SIM;"CE-PUF-038, CE-PUF-119, CE-PUF-118, CE-PUF-117, CE-PUF-120, CE-PUF-150, CE-PUF-157, CE-PUF-119"
1568716;manutencao;"2025-05-02 02:30:00";;"2025-05-02 05:42:00";UVA;42;;"Manutenção - Melhoria de Rede";NÃO;"CE-PUF-016, CE-PUF-017, CE-PUF-018, CE-PUF-019"
1869910;evento;"2025-05-02 13:04:00";;"2025-05-02 14:56:00";IRI;6;;"Rompimento Parcial";NÃO;CE-IRI-AG-H2
1666539;evento;"2025-05-02 14:00:00";;"2025-05-02 14:59:00";VDA;12;;"Manutenção Preventiva";NÃO;"CE-IOME-280, CE-IOME-1450"
1701288;manutencao;"2025-05-02 15:30:00";;"2025-05-02 15:51:00";CDR;24;;"Manutenção Preventiva";NÃO;"CE-CDR-700, CE-CDR-1165"
1732432;manutencao;"2025-05-02 16:00:00";;"2025-05-02 16:16:00";CDR;7;;"Manutenção Preventiva";NÃO;CE-CDR-934
1871043;evento;"2025-05-02 21:41:00";;"2025-05-02 22:28:00";CDR;2;;"Falha na Fonte do Equipamento";SIM;"EDIFICIO ENGEOESTE"
1871324;evento;"2025-05-03 09:23:00";;"2025-05-03 11:42:00";UVA;24;;"Falha no Cordão";NÃO;"CE-UVA-878, CE-UVA-881, CE-UVA-877, CE-UVA-876, CE-UVA-880, CE-UVA-879"
1871368;evento;"2025-05-03 09:40:00";;"2025-05-03 11:42:00";ITH;4;;"Fibra Mal Acomodada";NÃO;CE-ITH-U-09-IT
1871959;evento;"2025-05-03 19:12:00";;"2025-05-03 23:34:00";CNI;5;;"Vandalismo ou Roubo";SIM;CE-SSL-050
1872096;evento;"2025-05-04 09:16:00";;"2025-05-04 10:47:00";CDR;69;;"Fibra Mal Acomodada";NÃO;"CE-CDR-356, CE-CDR-1796, CE-CDR-1844, CE-CDR-1812, CE-CDR-1178, CE-CDR-915"
1850158;manutencao;"2025-05-05 06:00:00";;"2025-05-05 08:53:00";CDR;46;;"Manutenção Preventiva";NÃO;"CE-CDR-150, CE-CDR-1052, CE-CDR-881, CE-CDR-801, CE-CDR-806"
1872796;evento;"2025-05-05 08:15:00";;"2025-05-05 11:51:00";ITH;36;;"Incêndio em Poste";NÃO;"CE-ITH-GE-37-IT, CE-ITH-GE-42-IT, CE-ITH-GE-38-IT"
1875322;evento;"2025-05-05 11:00:00";;"2025-05-06 12:53:00";RSL;6;;"Falha no Equipamento Rádio";NÃO;"CENE-S001 GegNET-Cerro-Negro"
1872796;manutencao;"2025-05-05 17:34:00";;"2025-05-05 17:55:00";ITH;15;;"Manutenção Emergencial";NÃO;CE-ITH-GE-37-IT
1862913;manutencao;"2025-05-06 00:00:00";;"2025-05-06 07:27:00";VDA;7;;"Manutenção - Melhoria de Rede";SIM;"CE-TZS-122, CE-TZS-123, CE-TZS-121, CE-TZS-125, CE-TZS-127, CE-TZS-129, CE-TZS-130"
1724347;manutencao;"2025-05-06 09:00:00";;"2025-05-06 13:48:00";CDR;23;;"Manutenção Preventiva";NÃO;CE-CDR-212
1876537;evento;"2025-05-06 10:09:00";;"2025-05-07 07:24:00";ITH;5;;"Manutenção Preventiva";NÃO;CE-ITH-P-13D-IT
1876726;manutencao;"2025-05-06 13:00:00";;"2025-05-06 14:38:00";CDR;17;;"Manutenção Preventiva";NÃO;"CE-CBS-064, CE-CBS-065, CE-CBS-404, CE-CBS-403, CE-CBS-402, CE-CBS-406, CE-CBS-405, CE-CBS-470"
1870672;manutencao;"2025-05-06 13:30:00";;"2025-05-07 12:53:00";CNI;47;;"Manutenção Preventiva";NÃO;"CE-TSB-196, CE-TSB-268, CE-TSB-194, CE-TSB-298, CE-TSB-309, CE-TSB-112, CE-TSB-251, CE-TSB-252, CE-TSB-241, CE-TSB-247, CE-TSB-238, CE-TSB-193"
1877458;evento;"2025-05-06 16:12:00";;"2025-05-06 17:28:00";CNI;11;;"Falha no Splitter de Saída";NÃO;CE-ILS-049
1877471;evento;"2025-05-06 16:17:00";;"2025-05-07 09:20:00";UVA;7;;"Manutenção Preventiva";NÃO;CE-PUF-143
1808917;manutencao;"2025-05-07 00:00:00";;"2025-05-07 10:00:00";IRI;2;;"Manutenção - Melhoria de Rede";NÃO;"CE-IRI-CR D7"
1658700;manutencao;"2025-05-07 00:00:00";;"2025-05-07 06:14:00";IRI;11;;"Manutenção Preventiva";SIM;"CE-IRI-RB-K2, CE-IRI-RB-K3, CE-IRI-RB-K4"
1863489;manutencao;"2025-05-07 00:00:00";;"2025-05-07 05:48:00";CDR;0;;"Manutenção Preventiva";SIM;"CBS-S1392  GGNET  CORE"
1876537;manutencao;"2025-05-07 06:30:00";;"2025-05-07 09:57:00";ITH;5;;"Manutenção - Melhoria de Rede";NÃO;CE-ITH-P-13D-IT
1869984;manutencao;"2025-05-07 08:30:00";;"2025-05-07 12:44:00";CDR;14;;"Manutenção - Melhoria de Rede";NÃO;CE-CDR-425
1866120;manutencao;"2025-05-07 15:04:00";;"2025-05-07 16:50:00";CNI;5;;"Manutenção Preventiva";NÃO;CE-ILS-138
1879944;manutencao;"2025-05-07 16:10:00";;"2025-05-07 16:51:00";CNI;9;;"Insetos na Caixa";NÃO;CE-ILS-056
1879944;evento;"2025-05-07 16:10:00";;"2025-05-07 16:51:00";CNI;9;;"Insetos na Caixa";NÃO;CE-ILS-056
1880205;evento;"2025-05-07 17:41:00";;"2025-05-07 19:43:00";RSL;2;;"Vandalismo ou Roubo";SIM;CE-VRM-081
1880372;evento;"2025-05-07 18:22:00";;"2025-05-08 09:01:00";RSL;2;;"Equipamento Travado";NÃO;"AUK-S228 GegNET-Tifa-Italiano (CUBO)"
1880835;evento;"2025-05-07 22:18:00";;"2025-05-08 01:25:00";VDA;37;;"Atenuação de Fibra";SIM;"CE-VDA-158, CE-VDA-264"
1879020;manutencao;"2025-05-08 08:30:00";;"2025-05-08 13:47:00";UVA;3;;"Manutenção Preventiva";NÃO;"FTTA-UVA-1588 - EDIFICIO MARINA"
1881632;evento;"2025-05-08 11:23:00";;"2025-05-08 19:49:00";UVA;7;;"Troca de Poste";SIM;CE-UVA-834
1881862;evento;"2025-05-08 12:24:00";;"2025-05-08 16:18:00";VDA;22;;"Vandalismo ou Roubo";NÃO;"CE-FGO-1369, CE-FGO-3037, CE-FGO-3036"
1882166;evento;"2025-05-08 14:04:00";;"2025-05-08 21:24:00";RSL;35;;"Carga Alta";SIM;"CE-IUP-187, CE-IUP-162, CE-IUP-202, CE-IUP-201, CE-IUP-241, CE-IUP-247, CE-IUP-178, CE-IUP-172, CE-IUP-177, CE-IUP-340, CE-IUP-291, CE-IUP-166, CE-IUP-080, CE-IUP-088, CE-IUP-082, CE-IUP-078"
1863489;manutencao;"2025-05-09 00:00:00";;"2025-05-09 09:23:00";CDR;0;;"Manutenção Preventiva";NÃO;"CBS-S1392  GGNET  CORE"
1872147;manutencao;"2025-05-09 01:00:00";;"2025-05-09 06:32:00";CDR;6;;"Manutenção - Melhoria de Rede";NÃO;"CDR-S46  GGNET  SALGADO FILHO"
1883207;evento;"2025-05-09 08:00:00";;"2025-05-09 12:00:00";CDR;2;;"Manutenção - Melhoria de Rede";NÃO;CE-CBS-388
1885366;evento;"2025-05-09 11:43:00";;"2025-05-09 23:12:00";ITH;45;;"Obra de Terceiros";SIM;"FTTA-ITH-067 - RESIDENCIAL SOLAR DO ATLANTICO B1, FTTA-ITH-077 - RESIDENCIAL SOLAR DO ATLANTICO B11, FTTA-ITH-080 - RESIDENCIAL SOLAR DO ATLANTICO B14, FTTA-ITH-083 - RESIDENCIAL SOLAR DO ATLANTICO B17, FTTA-ITH-082 - RESIDENCIAL SOLAR DO ATLANTICO B16, FTTA-ITH-076 - RESIDENCIAL SOLAR DO ATLANTICO B10, FTTA-ITH-079 - RESIDENCIAL SOLAR DO ATLANTICO B13, FTTA-ITH-081 - RESIDENCIAL SOLAR DO ATLANTICO B15, FTTA-ITH-075 - RESIDENCIAL SOLAR DO ATLANTICO B9, FTTA-ITH-078 - RESIDENCIAL SOLAR DO ATLANTICO B12, FTTA-ITH-068 - RESIDENCIAL SOLAR DO ATLANTICO B2, FTTA-ITH-072 - RESIDENCIAL SOLAR DO ATLANTICO B6, FTTA-ITH-071 - RESIDENCIAL SOLAR DO ATLANTICO B5, FTTA-ITH-073 - RESIDENCIAL SOLAR DO ATLANTICO B7, FTTA-ITH-069 - RESIDENCIAL SOLAR DO ATLANTICO B3, FTTA-ITH-074 - RESIDENCIAL SOLAR DO ATLANTICO B8, FTTA-ITH-070 - RESIDENCIAL SOLAR DO ATLANTICO B4"
1883551;evento;"2025-05-09 12:39:00";;"2025-05-09 21:18:00";ITH;15;;"Carga Alta";SIM;"ITH-S1611  ITELFIBRA  POP CENTRAL, ITH-S1614  ITELFIBRA  POP PONTAL, CE-ITH-F-44-IT, CE-ITH-F-42-IT, CE-ITH-F-41-IT, CE-ITH-F-41B-IT, CE-ITH-F-63-IT, CE-ITH-F-63B-IT"
1884490;evento;"2025-05-09 14:30:00";;"2025-05-09 17:55:00";CNI;54;;"Carga Alta";NÃO;"CE-CNI-319, CE-CNI-742, CE-CNI-1082, CE-CNI-511, CE-CNI-372, CE-CNI-724"
1884498;evento;"2025-05-09 14:34:00";;"2025-05-09 15:57:00";RSL;3;;"Causa Não Informada";NÃO;CE-LOS-036
1885311;evento;"2025-05-09 18:36:00";;"2025-05-10 10:57:00";CDR;8;;"Equipamento Queimado";NÃO;"EDIFICIO COLIBRI (CDR-S244)"
1885803;evento;"2025-05-10 10:51:00";;"2025-05-10 13:07:00";ITH;3;;"Fibra Mal Acomodada";NÃO;CE-ITH-F-71-IT
1886667;evento;"2025-05-11 10:42:00";;"2025-05-11 13:02:00";ITH;3;;"Vandalismo ou Roubo";NÃO;CE-ITH-F-71-IT
1735200;manutencao;"2025-05-12 00:00:00";;"2025-02-13 04:47:00";RSL;25;;"Manutenção - Melhoria de Rede";NÃO;"CE-AUK-154, CE-AUK-162, CE-AUK-163, CE-AUK-175, CE-AUK-166, CE-AUK-176, CE-AUK-164, CE-AUK-165"
1665233;manutencao;"2025-05-12 01:00:00";;"2025-02-12 18:25:00";RSL;0;;"Manutenção Emergencial";SIM;
1881525;manutencao;"2025-05-12 08:00:00";;"2025-05-12 13:26:00";CNI;0;;"Manutenção - Melhoria de Rede";NÃO;CE-CNI-864
1799668;manutencao;"2025-05-12 08:30:00";;"2025-05-12 13:25:00";UVA;0;;"Manutenção - Melhoria de Rede";NÃO;CE-UVA-151
1846641;manutencao;"2025-05-12 13:30:00";;"2025-05-12 15:16:00";CDR;23;;"Manutenção - Melhoria de Rede";NÃO;"CE-SCC-213, CE-SCC-018, CE-SCC-022, CE-SCC-017, CE-SCC-238, CE-SCC-244"
1889540;evento;"2025-05-12 16:44:00";;"2025-05-12 18:14:00";CDR;13;;"Equipamento Queimado";NÃO;"EDIFICIO IPE (CDR-S211)"
1819669;manutencao;"2025-05-13 00:00:00";;"2025-05-13 08:01:00";VDA;39;;"Manutenção Preventiva";NÃO;"CE-TZS-149, CE-TZS-044, CE-TZS-163, CE-TZS-027, CE-TZS-149, CE-TZS-191, CE-TZS-050, CE-TZS-151, CE-TZS-051, CE-TZS-056, CE-TZS-052, CE-TZS-054, CE-TZS-053, CE-TZS-055, CE-TZS-182"
1884309;manutencao;"2025-05-13 00:00:00";;"2025-05-13 04:23:00";CNI;9;;"Manutenção Preventiva";NÃO;CE-CNI-010
1812393;manutencao;"2025-05-13 00:00:00";;"2025-05-13 04:24:00";RSL;2;;"Manutenção Emergencial";SIM;CE-RSL-114
1890384;evento;"2025-05-13 07:00:00";;"2025-05-13 16:02:00";CNI;7;;"Falha na Fonte do Equipamento";NÃO;"EDIFICIO RESIDENCIAL SAN PIETRO"
1890386;evento;"2025-05-13 07:00:00";;"2025-05-13 13:14:00";CNI;11;;"Erro de Configuração";NÃO;edificio-maria-salete.caixa-083.olt-z-s2-p4.cni
1890414;evento;"2025-05-13 07:04:00";;"2025-05-13 16:06:00";CNI;4;;"Falha na Fonte do Equipamento";NÃO;"EDIFICIO RESIDENCIAL SANTA PAULINA"
1882215;manutencao;"2025-05-13 08:00:00";;"2025-05-13 10:57:00";CDR;2;;"Manutenção Preventiva";NÃO;"CE-CBS-053, CE-CBS-175, CE-CBS-264, CE-CBS-301"
1663000;manutencao;"2025-05-13 08:00:00";;"2025-05-13 16:56:00";CDR;14;;"Manutenção Preventiva";NÃO;CE-CDR-463
1890840;evento;"2025-05-13 10:42:00";;"2025-05-13 14:43:00";RSL;20;;"Carga Alta";NÃO;"CE-LOS-230, CE-LOS-233, CE-LOS-228, CE-LOS-154, CE-LOS-227, CE-LOS-226"
189148;evento;"2025-05-13 16:08:00";;"2025-05-13 18:41:00";ITH;4;;"Carga Alta";SIM;"RESIDENCIAL POMPEO  SWITCH 34/2"
1891701;evento;"2025-05-13 18:00:00";;"2025-05-13 20:08:00";ITH;5;;"Causa Não Informada";SIM;CE-GRV-EGA-27-IT
1891715;evento;"2025-05-13 18:08:00";;"2025-05-13 20:32:00";ITH;3;;"Problema na Caixa de Emenda";SIM;"EDIFÍCIO PARAÍSO DA ÁGUAS  SWITCH-53"
1853594;manutencao;"2025-05-14 00:00:00";;"2025-05-14 02:44:00";CDR;35;;"Manutenção Preventiva";NÃO;"CE-CBS-133, CE-CBS-255, CE-CBS-221, CE-CBS-311, CE-CBS-335, CE-CBS-334, CE-CBS-217, CE-CBS-077, CE-CBS-214, CE-CBS-218, CE-CBS-322, CE-CBS-155, CE-CBS-336, CE-CBS-220, CE-CBS-295, CE-CBS-097, CE-CBS-151, CE-CBS-216, CE-CBS-338, CE-CBS-081, CE-CBS-212, CE-CBS-294, CE-CBS-333, CE-CBS-213, CE-CBS-091, CE-CBS-206, CE-CBS-207, CE-CBS-209, CE-CBS-210, CE-CBS-093, CE-CBS-293, CE-CBS-208, CE-CBS-204, CE-CBS-090, CE-CBS-203, CE-CBS-205, CE-CBS-330, CE-CBS-085"
1891970;evento;"2025-05-14 06:05:00";;"2025-05-14 10:31:00";RSL;5;;"Equipamento Travado";NÃO;"CENE-S001 GegNET-Cerro-Negro"
1864660;manutencao;"2025-05-14 10:00:00";;"2025-05-14 11:39:00";RSL;14;;"Manutenção - Melhoria de Rede";NÃO;"CE-AUK-111, CE-AUK-124, CE-AUK-125, CE-AUK-057, CE-AUK-061"
1893020;evento;"2025-05-14 17:26:00";;"2025-05-15 06:30:00";CDR;2;;"Atenuação de Fibra";SIM;"EDIFICIO FRIGERI"
1892361;manutencao;"2025-05-15 00:00:00";;"2025-05-15 01:01:00";CDR;74;;"Manutenção Preventiva";NÃO;"CE-CDR-200, CE-CDR-394, CE-CDR-247, CE-CDR-189, CE-CDR-123, CE-CDR-137, CE-CDR-050, CE-CDR-025, CE-CDR-053, CE-CDR-002, CE-CDR-065, CE-CDR-584, CE-CDR-192, CE-CDR-120, EDIFICIO DONA ANGELINA (CDR-S330)"
1892670;manutencao;"2025-05-15 00:00:00";;"2025-05-15 10:06:00";CDR;49;;"Manutenção - Melhoria de Rede";NÃO;"CE-CDR-1573, CE-CDR-1564, CE-CDR-918, CE-CDR-155, CE-CDR-1119, CE-CDR-1243, CE-CDR-1319, CE-CDR-1375"
1893360;evento;"2025-05-15 07:00:00";;"2025-05-15 10:25:00";CDR;3;;"Vandalismo ou Roubo";NÃO;CE-CBS-370
1634254;manutencao;"2025-05-15 09:00:00";;"2025-05-15 12:31:00";UVA;5;;"Manutenção Preventiva";NÃO;"CE-PUF-160, CE-PUF-162, CE-PUF-159, CE-PUF-164, CE-PUF-165, CE-PUF-166"
1801299;manutencao;"2025-05-15 14:00:00";;"2025-05-16 15:36:00";IRI;28;;"Manutenção Preventiva";NÃO;"CE-IRI-AG-H2, CE-IRI-AG-H4, CE-IRI-AG-H3, CE-IRI-AG-H1, CE-IRI-AG-H5, CE-IRI-AG-H6, CE-IRI-AG-H7, CE-IRI-AG-H8"
1894492;evento;"2025-05-15 14:30:00";;"2025-05-15 15:37:00";VDA;67;;"Falha no GBIC";NÃO;"CE-VDA-208, CE-VDA-209, CE-VDA-1067"
1891970;evento;"2025-05-15 14:38:00";;"2025-05-15 16:21:00";RSL;5;;"Falha no Equipamento Rádio";NÃO;"CENE-S001 GegNET-Cerro-Negro"
1570222;manutencao;"2025-05-15 14:48:00";;"2025-05-15 15:04:00";CDR;2;;"Manutenção Preventiva";NÃO;pop-cacador
1853701;manutencao;"2025-05-16 00:00:00";;"2025-05-16 06:09:00";VDA;130;;"Manutenção Preventiva";NÃO;"CE-CBS-030, CE-CBS-033, CE-CBS-032, CE-CBS-492, CE-CBS-491, CE-CBS-490, CE-CBS-489, CE-CBS-487, CE-CBS-486, CE-CBS-485, CE-CBS-484, CE-CBS-476, CE-CBS-477, CE-CBS-478, CE-CBS-475, CE-CBS-474, CE-CBS-473, CE-CBS-480, CE-CBS-479, CE-CBS-501, CE-CBS-503, CE-CBS-471, CE-CBS-481, CE-CBS-482, CE-CBS-115, CE-CBS-494, CE-CBS-495, CE-CBS-496, CE-CBS-497, CE-CBS-443, CE-CBS-442, CE-CBS-371, CE-CBS-444, CE-CBS-368, CE-CBS-372, CE-CBS-448, CE-CBS-446, CE-CBS-461, CE-CBS-364, CE-CBS-380, CE-CBS-381, CE-CBS-378, CE-CBS-374, CE-CBS-376, CE-CBS-385, CE-CBS-383, CE-CBS-382, CE-CBS-308, CE-CBS-453, CE-CBS-456, CE-CBS-457, CE-CBS-454, CE-CBS-458, CE-CBS-455, CE-CBS-406, CE-CBS-125, CE-CBS-395, CE-CBS-117, CE-CBS-429, CE-CBS-428, CE-CBS-099, CE-CBS-430, CE-CBS-432, CE-CBS-433, CE-CBS-431, CE-CBS-067, CE-CBS-414, CE-CBS-415, CE-CBS-413, CE-CBS-417, CE-CBS-418, CE-CBS-419, CE-CBS-426, CE-CBS-425, CE-CBS-103, CE-CBS-422, CE-CBS-423, CE-CBS-421, CE-CBS-424, CE-CBS-101, CE-CBS-400, CE-CBS-411, CE-CBS-408, CE-CBS-409, CE-CBS-410, CE-CBS-179, CE-CBS-405, CE-CBS-470, CE-CBS-403, CE-CBS-404, CE-CBS-065, CE-CBS-402"
1888505;manutencao;"2025-05-16 00:00:00";;"2025-05-16 04:16:00";CNI;19;;"Manutenção Preventiva";SIM;"CE-PPV-096, CE-PPV-168, CE-PPV-179, CE-PPV-094, CE-PPV-125, CE-PPV-126, CE-PPV-118"
1893957;manutencao;"2025-05-16 04:00:00";;"2025-05-16 06:00:00";CNI;10;;"Manutenção - Melhoria de Rede";SIM;CE-CNI-934
1707958;emergencial;"2025-05-16 10:20:00";;"2025-05-16 10:34:00";CNI;11;;"Manutenção - Melhoria de Rede";NÃO;"CE-CBS-061, CE-CBS-159, CE-CBS-161, CE-CBS-314, CE-CBS-224, CE-CBS-394, CE-CBS-223, CE-CBS-396"
1895847;evento;"2025-05-16 10:38:00";;"2025-05-16 14:34:00";RSL;6;;"Rompimento Parcial";NÃO;"CONDOMINIO RESIDENCIAL LESI WERNER TEIXEIRA"
1896202;evento;"2025-05-16 14:10:00";;"2025-05-16 16:32:00";RSL;2;;"Falha na Fonte do Equipamento";NÃO;"EDIFICIO VILLA GARDEN"
1896520;evento;"2025-05-16 17:06:00";;"2025-05-16 17:29:00";RSL;33;;"Falta de Energia";NÃO;"CE-PUF-110, CE-PUF-153, CE-PUF-114, CE-PUF-112, CE-PUF-145, CE-PUF-162, CE-PUF-165, CE-PUF-159"
1896610;evento;"2025-05-16 18:14:00";;"2025-05-16 19:42:00";VDA;5;;"Carga Alta";SIM;CE-IOME-936
1896762;evento;"2025-05-16 22:17:00";;"2025-05-16 21:41:00";CDR;6;;"Cordão Conector";SIM;"Edifício Bernardo Nora (CDR-S249)"
1896885;evento;"2025-05-17 08:01:00";;"2025-05-17 11:00:00";RSL;8;;"Falta de Energia";NÃO;"LOS-S001 GegNET-Dona-Paula-1, LOS-S003 GegNET-Dona-Paula-3"
1897524;evento;"2025-05-17 18:25:00";;"2025-05-18 11:30:00";CDR;26;;"Manutenção - Melhoria de Rede";NÃO;"FTTA-CDR-1822 - EDIFICIO BOULEVARD BLOCO A, EDIFICIO BOULEVARD BLOCO A  (CDR-S290), EDIFICIO BOULEVARD BLOCO B (CDR-S291)"
1897798;evento;"2025-05-18 12:07:00";;"2025-05-18 15:15:00";CNI;5;;"Equipamento Travado";NÃO;"EDIFICIO FLOR DE LIS BLOCO C"
1897802;evento;"2025-05-18 14:03:00";;"2025-05-18 16:34:00";VDA;2;;"Equipamento Travado";NÃO;"EDIFICIO CANEVER"
1898017;evento;"2025-05-18 18:27:00";;"2025-05-18 21:30:00";ITH;8;;"Atenuação de Fibra";SIM;CE-GRV-EGA-16-IT
1898045;evento;"2025-05-18 18:40:00";;"2025-05-18 22:41:00";CNI;3;;"Acidente Automobilístico";SIM;"TSB-S697  GGNET  CAMPININHA, TSB-S1626  GGNET  SAO JOAO"
1397935;manutencao;"2025-05-19 00:00:00";;"2025-05-19 10:37:00";VDA;22;;"Manutenção - Melhoria de Rede";NÃO;"CE-VDA-2197C, CE-VII-3104, CE-VDA-262, CE-VDA-817"
1724151;manutencao;"2025-05-19 08:00:00";;"2025-05-19 11:00:00";VDA;51;;"Manutenção Preventiva";NÃO;"CE-CDR-670, CE-CDR-923, CE-CDR-834, CE-CDR-799, CE-CDR-1585"
1898935;evento;"2025-05-19 09:40:00";;"2025-05-19 10:08:00";VDA;29;;"Falha no Cordão";NÃO;"pop-videira, pop-videira"
1901242;evento;"2025-05-19 14:21:00";;"2025-05-19 23:38:00";ITH;13;;"Falha no Splitter de Saída";SIM;CE-ITH-G-03-IT
1900612;evento;"2025-05-19 15:53:00";;"2025-05-19 21:10:00";VDA;3;;"Troca de Poste";SIM;CE-CNV-268
1900607;evento;"2025-05-19 15:53:00";;"2025-05-19 18:13:00";RSL;28;;"Falta de Energia";NÃO;"LOS-S001 GegNET-Dona-Paula-1, LOS-S003 GegNET-Dona-Paula-3, RSL-S769 Fundo-Bela-Alianca-2 (CUBO), RSL-S770 Fundo-Bela-Alianca-3 (CUBO), RSL-S768 Serra-Taboao-3 (CUBO), RSL-S767 Serra-Taboao-2 (CUBO), RSL-S772 CAPELA FUNIL (CUBO)"
1901110;evento;"2025-05-19 18:33:00";;"2025-05-20 02:02:00";VDA;10;;"Causa Não Informada";SIM;"CE-TZS-116, CE-TZS-115, CE-TZS-119, CE-TZS-117, CE-TZS-118, CE-TZS-120, CE-TZS-161, CE-TZS-184"
1898590;manutencao;"2025-05-20 01:00:00";;"2025-05-20 06:16:00";CNI;3;;"Manutenção Emergencial";SIM;"CNI-S101  GGNET  CORE"
1897859;manutencao;"2025-05-20 01:00:00";;"2025-05-20 05:09:00";RSL;17;;"Manutenção Emergencial";NÃO;"SLW-S886 POP SALETE (NOVO), PEI-S1383  GGNET  WITMARSUM DWDM, WUM-S1627  MAIKE INFORMATICA  COLOCATION GGNET"
1902146;evento;"2025-05-20 13:50:00";;"2025-05-20 16:04:00";IRI;1;;"Manutenção - Melhoria de Rede";NÃO;CE-IRI-BR-238
1902376;evento;"2025-05-20 15:10:00";;"2025-05-21 06:34:00";VDA;26;;"Acidente Automobilístico";SIM;CE-VDA-1321
1885366;manutencao;"2025-05-20 16:00:00";;"2025-05-20 16:36:00";ITH;1;;"Manutenção - Melhoria de Rede";NÃO;CE-ITH-002
1902763;evento;"2025-05-20 18:27:00";;"2025-05-20 19:36:00";VDA;6;;"Equipamento Travado";SIM;"EDIFICIO VENEZA (FRAIBURGO)"
1902841;evento;"2025-05-20 20:59:00";;"2025-05-20 22:06:00";CNI;5;;"Insetos na Caixa";SIM;"CE-SSL-587, CE-SSL-645"
1904838;evento;"2025-05-21 14:56:00";;"2025-05-22 10:12:00";CDR;5;;"Equipamento Travado";NÃO;"GegNET-LCastelli (CDR-S398)"
1904519;evento;"2025-05-21 17:38:00";;"2025-05-22 11:00:00";RSL;16;;"Equipamento Travado";NÃO;"LOS-S001 GegNET-Dona-Paula-1, LOS-S003 GegNET-Dona-Paula-3, GegNET-Serra-Canoas-2, GegNET-Serra-Canoas-3, RSL-S741 Serra-Laurentino-2 (CUBO), RSL-S742 Serra-Laurentino (CUBO), RSL-S768 Serra-Taboao-3 (CUBO), RSL-S767 Serra-Taboao-2 (CUBO)"
1904851;evento;"2025-05-21 21:34:00";;"2025-05-22 09:51:00";RSL;99;;"Queda de Árvore";NÃO;"CE-AUK-004, AUK-S728  GGNET  PONSONI, AUK-S302 GegNET-Velho-Barbudo (CUBO), AUK-S300 GegNET-Santa-Tereza, AUK-S GegNET-Chapadao-Nova-Italia, AUK-S301 GegNET-Sao-Martinho (CUBO), AUK-S227 GegNET-Reta-Cobra-Sul (CUBO), AUK-S303 GegNET-Torre-Cobra-Sul (CUBO), AUK-S228 GegNET-Tifa-Italiano (CUBO), CE-AUK-020, CE-AUK-023, CE-AUK-008, CE-AUK-025, CE-AUK-116, CE-AUK-014, CE-AUK-017, CE-AUK-016, CE-AUK-022, CE-AUK-024, CE-AUK-183, CE-AUK-184, CE-AUK-185, CE-AUK-186, CE-AUK-187, CE-AUK-013, CE-AUK-120, CE-AUK-030"
1545625;manutencao;"2025-05-22 00:00:00";;"2025-05-08 16:22:00";CDR;2;;"Manutenção - Melhoria de Rede";NÃO;"-26.270761, -51.072684"
1545625;manutencao;"2025-05-22 00:00:00";;"2025-05-23 14:35:00";CDR;2802;;"Manutenção Preventiva";NÃO;"CE-CDR-118, CE-CDR-1062, CE-CDR-561, CE-CDR-559, CE-CDR-323, CE-CDR-373, CE-CDR-554, CE-CDR-308, CE-CDR-813, CE-CDR-766, CE-CDR-503, CE-CDR-479, CE-CDR-938, CE-CDR-834, CE-CDR-549, CE-CDR-968, CE-CDR-953, CE-CDR-607, CE-CDR-544, CE-CDR-1602, CE-CDR-1545, CE-CDR-1104, CE-CDR-1043, CE-CDR-871, CE-CDR-678, CE-CDR-551, CE-CDR-495, CE-CDR-388, CE-CDR-1289, CE-CDR-1240, CE-CDR-943, CE-CDR-942, CE-CDR-908, CE-CDR-855, CE-CDR-797, CE-CDR-670, CE-CDR-555, CE-CDR-460, CE-CDR-437, CE-CDR-406, CE-CDR-377, CE-CDR-298, CE-CDR-1763, CE-CDR-1350, CE-CDR-1200, CE-CDR-1089, CE-CDR-1070, CE-CDR-992, CE-CDR-925, CE-CDR-591, CE-CDR-562, CE-CDR-540, CE-CDR-539, CE-CDR-486, CE-CDR-304, CE-CDR-303, CE-CDR-1611, CE-CDR-1261, CE-CDR-1239, CE-CDR-1214, CE-CDR-119, CE-CDR-1090, CE-CDR-1010, CE-CDR-082, CE-CDR-924, CE-CDR-922, CE-CDR-781, CE-CDR-668, CE-CDR-662, CE-CDR-552, CE-CDR-550, CE-CDR-548, CE-CDR-530, CE-CDR-504, CE-CDR-447, CE-CDR-193, CE-CDR-1785, CE-CDR-1520, CE-CDR-1176, CE-CDR-100, CE-CDR-812, CE-CDR-799, CE-CDR-706, CE-CDR-703, CE-CDR-488, CE-CDR-445, CE-CDR-309, CE-CDR-1363, CE-CDR-1152, CE-CDR-1110, CE-CDR-1046, CE-CDR-1024, CE-CDR-947, CE-CDR-919, CE-CDR-844, CE-CDR-818, CE-CDR-715, CE-CDR-684, CE-CDR-586, CE-CDR-576, CE-CDR-1372, CE-CDR-1371, CE-CDR-1270, CE-CDR-1253, CE-CDR-1218, CE-CDR-1140, CE-CDR-1017, CE-CDR-997, CE-CDR-923, CE-CDR-896, CE-CDR-852, CE-CDR-717, CE-CDR-546, CE-CDR-478, CE-CDR-310, CE-CDR-269, CE-CDR-260, CE-CDR-194, CE-CDR-1830, CE-CDR-1590, CE-CDR-1574, CE-CDR-1470, CE-CDR-1404, CE-CDR-1396, CE-CDR-1383, CE-CDR-1227, CE-CDR-1160, CE-CDR-1127, CE-CDR-1038, CE-CDR-1023, CE-CDR-290, CE-CDR-243, CE-CDR-1802, CE-CDR-1528, CE-CDR-1330, CE-CDR-1299, CE-CDR-1182, CE-CDR-1153, CE-CDR-114, CE-CDR-1042, CE-CDR-1035, CE-CDR-1034, CE-CDR-882, CE-CDR-385, CE-CDR-1843, CE-CDR-1589, CE-CDR-1438, CE-CDR-1343, CE-CDR-1273, CE-CDR-1265, CE-CDR-1254, CE-CDR-1179, CE-CDR-1138, CE-CDR-1081, CE-CDR-1061, CE-CDR-1022, CE-CDR-963, CE-CDR-883, CE-CDR-542, CE-CDR-374, CE-CDR-266, CE-CDR-1607, CE-CDR-1600, CE-CDR-1588, CE-CDR-1510, CE-CDR-1358, CE-CDR-1242, CE-CDR-1221, CE-CDR-1063, CE-CDR-973, CE-CDR-239, CE-CDR-187, CE-CDR-1620, CE-CDR-1525, CE-CDR-1406, CE-CDR-1391, CE-CDR-135, CE-CDR-117, CE-CDR-109, CE-CDR-1014, CE-CDR-1012, CE-CDR-927, CE-CDR-900, CE-CDR-833, CE-CDR-600, CE-CDR-433, CE-CDR-381, CE-CDR-1898, CE-CDR-1476, CE-CDR-1464, CE-CDR-1123, CE-CDR-1100, CE-CDR-988, CE-CDR-987, CE-CDR-865, CE-CDR-837, CE-CDR-816, CE-CDR-778, CE-CDR-704, CE-CDR-674, CE-CDR-543, CE-CDR-444, CE-CDR-326, CE-CDR-233, CE-CDR-210, CE-CDR-174, CE-CDR-1733, CE-CDR-1585, CE-CDR-1583, CE-CDR-1526, CE-CDR-1477, CE-CDR-1393, CE-CDR-1381, CE-CDR-133, CE-CDR-124, CE-CDR-1048, CE-CDR-985, CE-CDR-958, CE-CDR-957, CE-CDR-935, CE-CDR-890, CE-CDR-884, CE-CDR-876, CE-CDR-869, CE-CDR-868, CE-CDR-859, CE-CDR-851, CE-CDR-815, CE-CDR-804, CE-CDR-786, CE-CDR-779, CE-CDR-765, CE-CDR-748, CE-CDR-636, CE-CDR-632, CE-CDR-629, CE-CDR-615, CE-CDR-613, CE-CDR-610, CE-CDR-604, CE-CDR-601, CE-CDR-589, CE-CDR-577, CE-CDR-538, CE-CDR-500, CE-CDR-462, CE-CDR-449, CE-CDR-442, CE-CDR-438, CE-CDR-424, CE-CDR-408, CE-CDR-395, CE-CDR-382, CE-CDR-375, CE-CDR-372, CE-CDR-369, CE-CDR-363, CE-CDR-361, CE-CDR-358, CE-CDR-341, CE-CDR-330, CE-CDR-327, CE-CDR-313, CE-CDR-305, CE-CDR-267, CE-CDR-263, CE-CDR-255, CE-CDR-226, CE-CDR-1901, CE-CDR-184, CE-CDR-1795, CE-CDR-179, CE-CDR-1738, CE-CDR-1734, CE-CDR-1691, CE-CDR-164, CE-CDR-1592, CE-CDR-1563, CE-CDR-1560, CE-CDR-1537, CE-CDR-153, CE-CDR-152, CE-CDR-150, CE-CDR-1497, CE-CDR-1407, CE-CDR-1328, CE-CDR-1312, CE-CDR-1298, CE-CDR-1290, CE-CDR-125, CE-CDR-1238, CE-CDR-122, CE-CDR-1205, CE-CDR-1185, CE-CDR-1163, CE-CDR-1108, CE-CDR-1105, CE-CDR-1085, CE-CDR-1060, CE-CDR-1058, CE-CDR-1036, CE-CDR-1020, CE-CDR-092, CE-CDR-075"
1905408;evento;"2025-05-22 12:25:00";;"2025-05-22 21:35:00";ITH;13;;"Carga Alta";SIM;CE-ITH-CE-31-IT
1906200;evento;"2025-05-23 08:04:00";;"2025-05-23 12:25:00";RSL;34;;"Manutenção Preventiva";NÃO;"CE-LOS-257, CE-LOS-253, CE-LOS-254, CE-LOS-255, CE-LOS-256, CE-LOS-258, CE-LOS-259"
1908103;evento;"2025-05-24 20:16:00";;"2025-05-24 23:01:00";UVA;10;;"Carga Alta";SIM;"CE-PUF-114, CE-PUF-145"
1908063;evento;"2025-05-24 20:25:00";;"2025-05-26 12:26:00";CNI;3;;"Equipamento Travado";NÃO;"EDIFICIO BIJU (CNI-S619)"
1908120;evento;"2025-05-24 22:01:00";;"2025-05-24 22:16:00";CDR;4;;"Insetos na Caixa";SIM;CE-CDR-1076
1895589;manutencao;"2025-05-25 05:30:00";"2025-05-25 23:30:00";"2025-05-25 20:02:00";CNI;3;;"Troca de Poste";SIM;"CNI-S101  GGNET  CORE"
1900987;manutencao;"2025-05-26 08:52:00";"2025-05-26 10:40:00";"2025-05-26 15:33:00";VDA;35;;"Manutenção - Melhoria de Rede";NÃO;"CE-VDA-333, CE-VDA-436, CE-VDA-176, CE-VDA-1230, CE-VDA-768"
1904984;manutencao;"2025-05-26 09:30:00";"2025-05-26 12:00:00";"2025-05-26 12:28:00";UVA;30;;"Manutenção - Melhoria de Rede";NÃO;"CE-UVA-1244, CE-UVA-1153, CE-UVA-803, CE-UVA-1243, CE-UVA-422"
1907112;manutencao;"2025-05-26 11:00:00";"2025-05-26 12:00:00";"2025-05-26 11:23:00";ITH;6;;"Manutenção - Melhoria de Rede";NÃO;"CE-RSL-1109, CE-RSL-1036, CE-RSL-998, CE-RSL-1034"
1909835;evento;"2025-05-26 12:26:00";;"2025-05-26 15:35:00";VDA;8;;"Insetos na Caixa";NÃO;"CONDOMINIO RUA AFONSO BERVANGER 332, CE-VDA-2132C"
1910278;evento;"2025-05-26 15:07:00";;"2025-05-26 17:35:00";VDA;85;;"Carga Alta";NÃO;"CE-VDA-382, CE-VDA-358, CE-VDA-474, CE-VDA-337, CE-VDA-323"
1906402;manutencao;"2025-05-26 15:30:00";"2025-05-26 16:30:00";"2025-05-26 16:22:00";CNI;38;;"Manutenção - Melhoria de Rede";NÃO;"CE-CNI-170, CE-CNI-1106, CE-CNI-034"
1910862;evento;"2025-05-26 18:15:00";;"2025-05-26 23:33:00";CDR;3;;"Manutenção - Melhoria de Rede";NÃO;CE-CDR-1015
1911020;evento;"2025-05-26 20:44:00";;"2025-05-26 21:10:00";RSL;6;;"Linha de Cerol";SIM;"CE-RSL-907, CE-RSL-1157"
1735893;manutencao;"2025-05-27 00:00:00";"2025-05-27 04:00:00";"2025-05-27 23:40:00";UVA;0;;"Manutenção Preventiva";SIM;CE-UVA-919
1911518;evento;"2025-05-27 09:44:00";;"2025-05-27 13:44:00";CNI;9;;"Manutenção Preventiva";NÃO;"CE-CNI-778, CE-CNI-968"
1912036;evento;"2025-05-27 14:32:00";;"2025-05-27 19:15:00";VDA;14;;"Carga Alta";SIM;"CE-VDA-1010, FTTA-VII-3066 - PERDIZES, CE-VII-3108, FTTA-VII-3115  RESIDENCIAL SANTA THEREZA, FTTA-VII-1660 - KANT"
1912715;evento;"2025-05-27 17:40:00";;"2025-05-27 22:59:00";ITH;70;;"Atenuação de Fibra";SIM;"CE-ITH-RE-31-IT, CE-ITH-RE-25-IT, CE-ITH-RE-26-IT, CE-ITH-RE-27-IT, CE-ITH-RE-28-IT, CE-ITH-RE-29-IT, CE-ITH-RE-30-IT, CE-ITH-RE-32-IT"
1893815;manutencao;"2025-05-28 00:00:00";"2025-05-28 03:00:00";"2025-05-28 04:43:00";CNI;35;;"Manutenção - Melhoria de Rede";NÃO;"CE-CNI-325, CE-CNI-834, CE-CNI-246"
1912828;manutencao;"2025-05-28 10:40:00";"2025-05-28 12:00:00";"2025-05-28 11:57:00";RSL;6;;"Manutenção - Melhoria de Rede";NÃO;CE-RSL-1160
